GI,GenBank Accession,UniProt Accession,UniProt Entry ID
,ABJ53695.1,A0A0H2ZL64,PULA_STRP2
,ABJ53954.1,A0A0H2ZLQ1,MLTG_STRP2
,ABJ54295.1,A0A0H2ZMF9,PBP2A_STRP2
,ABJ54218.1,A0A0H2ZNH9,WALK_STRP2
,ABJ54886.1,A0A0H2ZQ76,PCSB_STRP2
,ABJ54967.1,A0A0H2ZQB9,EGTUB_STRP2
,ABJ55230.1,A0A0H2ZQL5,CCRZ_STRP2
,CAA36714.1,Q04IN8,TACY_STRP2
,ABJ55478.1,Q04J43,STKP_STRP2
,ABJ54921.1,Q04LE4,FTSX_STRP2
,ABJ53627.1,A0A0H2ZKY7,ROCS_STRP2
,ABJ53670.1,A0A0H2ZLH6,A0A0H2ZLH6_STRP2
,ABJ53896.1,A0A0H2ZLK9,A0A0H2ZLK9_STRP2
,ABJ53722.1,A0A0H2ZLL3,EGTUA_STRP2
,ABJ54182.1,A0A0H2ZM56,ADHE_STRP2
,ABJ54050.1,A0A0H2ZM82,FTSE_STRP2
,ABJ53877.1,A0A0H2ZM98,A0A0H2ZM98_STRP2
,ABJ53883.1,A0A0H2ZMA2,A0A0H2ZMA2_STRP2
,ABJ53899.1,A0A0H2ZMB4,KHPA_STRP2
,ABJ54400.1,A0A0H2ZMP2,A0A0H2ZMP2_STRP2
,ABJ53792.1,A0A0H2ZMR5,A0A0H2ZMR5_STRP2
,ABJ54114.1,A0A0H2ZMS3,A0A0H2ZMS3_STRP2
,ABJ54579.1,A0A0H2ZNE0,FTSZ_STRP2
,ABJ54734.1,A0A0H2ZNG3,MACP_STRP2
,ABJ54180.1,A0A0H2ZNL3,MURA1_STRP2
,ABJ54733.1,A0A0H2ZNR4,A0A0H2ZNR4_STRP2
,ABJ54659.1,A0A0H2ZP44,A0A0H2ZP44_STRP2
,ABJ54905.1,A0A0H2ZP84,A0A0H2ZP84_STRP2
,ABJ54581.1,A0A0H2ZPC8,RQCH_STRP2
,ABJ55280.1,A0A0H2ZPS7,KHPB_STRP2
,ABJ55331.1,A0A0H2ZRD4,A0A0H2ZRD4_STRP2
,ABJ54931.1,Q04I02,ADCR_STRP2
,ABJ54228.1,Q04J42,PHPP_STRP2
,ABJ54045.1,Q04JG7,CODY_STRP2
,ABJ54797.1,Q04K48,CARB_STRP2
,ABJ53898.1,Q04K99,LDH_STRP2
,ABJ53740.1,Q04KF8,ADDA_STRP2
,ABJ54468.1,Q04KU2,GLMU_STRP2
,ABJ54293.1,Q04L24,PFKA_STRP2
,ABJ55163.1,Q04LD5,RLMN_STRP2
,ABJ54881.1,Q04LZ5,PGK_STRP2
,ABJ55451.1,Q04M32,ILVC_STRP2
,ABJ54102.1,Q04MI9,RUVB_STRP2
,ABJ54349.1,Q04N63,DNAA_STRP2
,ABJ53749.1,A0A0H2ZLA5,A0A0H2ZLA5_STRP2
,ABJ54013.1,A0A0H2ZLU1,A0A0H2ZLU1_STRP2
,ABJ54025.1,A0A0H2ZLU9,A0A0H2ZLU9_STRP2
,ABJ54069.1,A0A0H2ZLX4,A0A0H2ZLX4_STRP2
,ABJ54106.1,A0A0H2ZM00,A0A0H2ZM00_STRP2
,ABJ53947.1,A0A0H2ZM11,A0A0H2ZM11_STRP2
,ABJ54017.1,A0A0H2ZM62,HK06_STRP2
,ABJ53654.1,A0A0H2ZM67,A0A0H2ZM67_STRP2
,ABJ54200.1,A0A0H2ZM70,A0A0H2ZM70_STRP2
,ABJ53836.1,A0A0H2ZM74,A0A0H2ZM74_STRP2
,ABJ54240.1,A0A0H2ZM99,A0A0H2ZM99_STRP2
,ABJ53893.1,A0A0H2ZMA9,A0A0H2ZMA9_STRP2
,ABJ54272.1,A0A0H2ZMC4,A0A0H2ZMC4_STRP2
,ABJ53927.1,A0A0H2ZMD1,A0A0H2ZMD1_STRP2
,ABJ53945.1,A0A0H2ZMD7,A0A0H2ZMD7_STRP2
,ABJ54331.1,A0A0H2ZMI5,A0A0H2ZMI5_STRP2
,ABJ54021.1,A0A0H2ZMJ1,A0A0H2ZMJ1_STRP2
,ABJ54239.1,A0A0H2ZML1,A0A0H2ZML1_STRP2
,ABJ53858.1,A0A0H2ZMQ2,A0A0H2ZMQ2_STRP2
,ABJ54456.1,A0A0H2ZMS9,A0A0H2ZMS9_STRP2
,ABJ54307.1,A0A0H2ZMU0,A0A0H2ZMU0_STRP2
,ABJ53837.1,A0A0H2ZMV5,A0A0H2ZMV5_STRP2
,ABJ53967.1,A0A0H2ZMX9,A0A0H2ZMX9_STRP2
,ABJ54179.1,A0A0H2ZMY1,A0A0H2ZMY1_STRP2
,ABJ53906.1,A0A0H2ZN13,A0A0H2ZN13_STRP2
,ABJ53946.1,A0A0H2ZN37,WALR_STRP2
,ABJ54601.1,A0A0H2ZN50,A0A0H2ZN50_STRP2
,ABJ54053.1,A0A0H2ZN51,A0A0H2ZN51_STRP2
,ABJ54090.1,A0A0H2ZN74,A0A0H2ZN74_STRP2
,ABJ54638.1,A0A0H2ZN81,A0A0H2ZN81_STRP2
,ABJ54010.1,A0A0H2ZN88,A0A0H2ZN88_STRP2
,ABJ54525.1,A0A0H2ZN97,A0A0H2ZN97_STRP2
,ABJ54298.1,A0A0H2ZNB6,A0A0H2ZNB6_STRP2
,ABJ54073.1,A0A0H2ZNC9,A0A0H2ZNC9_STRP2
,ABJ54098.1,A0A0H2ZNE9,A0A0H2ZNE9_STRP2
,ABJ54595.1,A0A0H2ZNF6,RR06_STRP2
,ABJ54728.1,A0A0H2ZNF7,A0A0H2ZNF7_STRP2
,ABJ54202.1,A0A0H2ZNG5,A0A0H2ZNG5_STRP2
,ABJ54436.1,A0A0H2ZNM7,A0A0H2ZNM7_STRP2
,ABJ54688.1,A0A0H2ZNN1,A0A0H2ZNN1_STRP2
,ABJ54831.1,A0A0H2ZNP3,A0A0H2ZNP3_STRP2
,ABJ54221.1,A0A0H2ZNP5,A0A0H2ZNP5_STRP2
,ABJ54716.1,A0A0H2ZNP9,A0A0H2ZNP9_STRP2
,ABJ54261.1,A0A0H2ZNT2,A0A0H2ZNT2_STRP2
,ABJ54778.1,A0A0H2ZNU6,A0A0H2ZNU6_STRP2
,ABJ54452.1,A0A0H2ZP21,A0A0H2ZP21_STRP2
,ABJ54972.1,A0A0H2ZP22,A0A0H2ZP22_STRP2
,ABJ54977.1,A0A0H2ZP27,A0A0H2ZP27_STRP2
,ABJ54983.1,A0A0H2ZP32,A0A0H2ZP32_STRP2
,ABJ54376.1,A0A0H2ZP34,A0A0H2ZP34_STRP2
,ABJ54490.1,A0A0H2ZP45,A0A0H2ZP45_STRP2
,ABJ55125.1,A0A0H2ZPF6,A0A0H2ZPF6_STRP2
,ABJ54564.1,A0A0H2ZPG9,A0A0H2ZPG9_STRP2
,ABJ54795.1,A0A0H2ZPH6,A0A0H2ZPH6_STRP2
,ABJ54822.1,A0A0H2ZPK7,A0A0H2ZPK7_STRP2
,ABJ54833.1,A0A0H2ZPM0,A0A0H2ZPM0_STRP2
,ABJ55168.1,A0A0H2ZPQ7,A0A0H2ZPQ7_STRP2
,ABJ55184.1,A0A0H2ZPR8,A0A0H2ZPR8_STRP2
,ABJ54694.1,A0A0H2ZPS0,A0A0H2ZPS0_STRP2
,ABJ54911.1,A0A0H2ZPV8,A0A0H2ZPV8_STRP2
,ABJ55330.1,A0A0H2ZPX2,A0A0H2ZPX2_STRP2
,ABJ54771.1,A0A0H2ZPY7,A0A0H2ZPY7_STRP2
,ABJ54974.1,A0A0H2ZPZ8,A0A0H2ZPZ8_STRP2
,ABJ55296.1,A0A0H2ZQ02,A0A0H2ZQ02_STRP2
,ABJ55366.1,A0A0H2ZQ07,A0A0H2ZQ07_STRP2
,ABJ54832.1,A0A0H2ZQ09,A0A0H2ZQ09_STRP2
,ABJ54839.1,A0A0H2ZQ14,A0A0H2ZQ14_STRP2
,ABJ54802.1,A0A0H2ZQ17,A0A0H2ZQ17_STRP2
,ABJ55006.1,A0A0H2ZQ30,A0A0H2ZQ30_STRP2
,ABJ54863.1,A0A0H2ZQ39,A0A0H2ZQ39_STRP2
,ABJ55452.1,A0A0H2ZQ75,PBP2_STRP2
,ABJ55421.1,A0A0H2ZQ77,A0A0H2ZQ77_STRP2
,ABJ55485.1,A0A0H2ZQD1,A0A0H2ZQD1_STRP2
,ABJ54964.1,A0A0H2ZQF3,A0A0H2ZQF3_STRP2
,ABJ55257.1,A0A0H2ZQP3,A0A0H2ZQP3_STRP2
,ABJ55139.1,A0A0H2ZQS7,A0A0H2ZQS7_STRP2
,ABJ55100.1,A0A0H2ZQT7,WALJ_STRP2
,ABJ55147.1,A0A0H2ZQY3,A0A0H2ZQY3_STRP2
,ABJ55476.1,A0A0H2ZRD8,A0A0H2ZRD8_STRP2
,ABJ55353.1,A0A0H2ZRF9,A0A0H2ZRF9_STRP2
,ABJ55400.1,A0A0H2ZRI4,A0A0H2ZRI4_STRP2
,ABJ55370.1,A0A0H2ZRK9,A0A0H2ZRK9_STRP2
,ABJ55403.1,A0A0H2ZRN9,A0A0H2ZRN9_STRP2
,ABJ53680.1,Q04HS5,MURC_STRP2
,ABJ53659.1,Q04HT3,ATPL_STRP2
,ABJ55505.1,Q04HT7,ATPA_STRP2
,ABJ54840.1,Q04HT9,ATPB_STRP2
,ABJ54508.1,Q04HZ0,GLPK_STRP2
,ABJ54767.1,Q04HZ7,DLTA_STRP2
,ABJ54752.1,Q04I16,FUCI_STRP2
,ABJ54469.1,Q04I25,OTC_STRP2
,ABJ54861.1,Q04I44,ILVD_STRP2
,ABJ54433.1,Q04I59,SYD_STRP2
,ABJ54351.1,Q04I74,SYY_STRP2
,ABJ55291.1,Q04I82,GPDA_STRP2
,ABJ54906.1,Q04IA2,G6PI_STRP2
,ABJ55242.1,Q04IA3,SYE_STRP2
,ABJ53811.1,Q04IB3,TGT_STRP2
,ABJ54153.1,Q04IC8,ACKA_STRP2
,ABJ54063.1,Q04II4,RSMA_STRP2
,ABJ53939.1,Q04IK0,COAD_STRP2
,ABJ54731.1,Q04IK6,RPOB_STRP2
,ABJ54020.1,Q04IK7,RPOC_STRP2
,ABJ55238.1,Q04IK8,NDK_STRP2
,ABJ54571.1,Q04IM6,RECA_STRP2
,ABJ55225.1,Q04IQ2,CH10_STRP2
,ABJ54932.1,Q04IQ3,CH60_STRP2
,ABJ54108.1,Q04IV9,XPT_STRP2
,ABJ54576.1,Q04IY6,TRPD_STRP2
,ABJ53875.1,Q04J38,RPOZ_STRP2
,ABJ53706.1,Q04J70,SECA_STRP2
,ABJ54061.1,Q04J74,ALR_STRP2
,ABJ55128.1,Q04J98,DDL_STRP2
,ABJ54238.1,Q04JB0,SYI_STRP2
,ABJ54957.1,Q04JB4,GPMA_STRP2
,AAC24471.1,Q04JB8,TPX_STRP2
,ABJ53929.1,Q04JC5,DTD_STRP2
,ABJ53634.1,Q04JD7,SYT_STRP2
,ABJ53914.1,Q04JF3,KCY_STRP2
,ABJ55081.1,Q04JF7,TRUA_STRP2
,ABJ54553.1,Q04JH1,APT_STRP2
,ABJ55179.1,Q04JH2,METAA_STRP2
,ABJ55094.1,Q04JH4,TPIS_STRP2
,ABJ55423.1,Q04JH9,CLPX_STRP2
,ABJ54718.1,Q04JI8,GLMM_STRP2
,ABJ53920.1,Q04JJ1,DAPB_STRP2
,ABJ54578.1,Q04JL8,MURE_STRP2
,ABJ54048.1,Q04JN5,PDXS_STRP2
,ABJ55188.1,Q04JN6,PDXT_STRP2
,ABJ54770.1,Q04JQ8,GUAA_STRP2
,ABJ54089.1,Q04JT1,NADE_STRP2
,ABJ54518.1,Q04JT5,NAGB_STRP2
,ABJ53905.1,Q04JT7,HPRK_STRP2
,ABJ54032.1,Q04JV9,MURB_STRP2
,ABJ53909.1,Q04JW5,SYA_STRP2
,ABJ55361.1,Q04JX0,AROD_STRP2
,ABJ54332.1,Q04JX1,AROE_STRP2
,ABJ55156.1,Q04JX2,AROB_STRP2
,ABJ54313.1,Q04JX3,AROC_STRP2
,ABJ54185.1,Q04JX6,AROA_STRP2
,ABJ55115.1,Q04K46,PYRB_STRP2
,ABJ55399.1,Q04K52,TARI_STRP2
,ABJ55368.1,Q04K72,RNC_STRP2
,ABJ54782.1,Q04K81,UVRB_STRP2
,ABJ54635.1,Q04KA9,URK_STRP2
,ABJ54524.1,Q04KB7,LEPA_STRP2
,ABJ54270.1,Q04KF4,RNH2_STRP2
,ABJ55254.1,Q04KF9,ADDB_STRP2
,ABJ55064.1,Q04KG2,ENO_STRP2
,ABJ54622.1,Q04KG7,GLGC_STRP2
,ABJ55433.1,Q04KG8,GLGB_STRP2
,ABJ54766.1,Q04KH2,DNLJ_STRP2
,ABJ54161.1,Q04KI9,NADK_STRP2
,ABJ53704.1,Q04KJ6,REX_STRP2
,ABJ53617.1,Q04KK7,OBG_STRP2
,ABJ55301.1,Q04KR0,GLYA_STRP2
,ABJ55144.1,Q04KR8,MNME_STRP2
,ABJ54534.1,Q04KR9,DAPA_STRP2
,ABJ54157.1,Q04KS5,PEPT_STRP2
,ABJ55058.1,Q04KV9,ERA_STRP2
,ABJ53606.1,Q04KY1,PYRH_STRP2
,ABJ54938.1,Q04KY2,TRMFO_STRP2
,ABJ55060.1,Q04KZ3,PROB_STRP2
,ABJ54320.1,Q04L26,PEPX_STRP2
,ABJ54955.1,Q04L36,THII_STRP2
,ABJ53933.1,Q04L63,PLSY_STRP2
,ABJ55453.1,Q04L69,DEOC_STRP2
,ABJ53917.1,Q04L76,DEOD_STRP2
,ABJ54644.1,Q04L81,DEOB_STRP2
,ABJ54742.1,Q04L82,RPIA_STRP2
,ABJ54164.1,Q04L84,FOLD_STRP2
,ABJ53863.1,Q04LE0,METK_STRP2
,ABJ54512.1,Q04LF4,CLPP_STRP2
,ABJ53950.1,Q04LH2,THIM2_STRP2
,ABJ53957.1,Q04LH9,THIM1_STRP2
,ABJ55386.1,Q04LI2,SYK_STRP2
,ABJ53830.1,Q04LJ2,PYRE_STRP2
,ABJ54645.1,Q04LJ3,PYRF_STRP2
,ABJ54267.1,Q04LK0,MURG_STRP2
,ABJ54058.1,Q04LK1,MURD_STRP2
,ABJ53649.1,Q04LL6,MIAA_STRP2
,ABJ54489.1,Q04LL8,TYSY_STRP2
,ABJ53727.1,Q04LQ9,UVRC_STRP2
,ABJ54028.1,Q04LT4,PNP_STRP2
,ABJ55286.1,Q04LT6,METE_STRP2
,ABJ55158.1,Q04LU1,SYFA_STRP2
,ABJ53918.1,Q04LW5,TRMB_STRP2
,ABJ54388.1,Q04M21,DPO4_STRP2
,ABJ53932.1,Q04M23,UPPP_STRP2
,ABJ53936.1,Q04M48,ACCA_STRP2
,ABJ55098.1,Q04M51,FABZ_STRP2
,ABJ54296.1,Q04M58,FABH_STRP2
,ABJ54621.1,Q04M63,SYS_STRP2
,ABJ55516.1,Q04M67,MUTS2_STRP2
,ABJ54417.1,Q04M70,RNH3_STRP2
,ABJ55051.1,Q04M73,TIG_STRP2
,ABJ54064.1,Q04M86,IDI2_STRP2
,ABJ53846.1,Q04M97,RECU_STRP2
,ABJ54244.1,Q04MC4,MRAY_STRP2
,ABJ54241.1,Q04MF9,GCH1_STRP2
,ABJ54259.1,Q04MI4,SYP_STRP2
,ABJ54589.1,Q04ML1,RPOA_STRP2
,ABJ54173.1,Q04ML5,KAD_STRP2
,ABJ53778.1,Q04MQ9,RUVA_STRP2
,ABJ55359.1,Q04MU2,TSAD_STRP2
,ABJ53868.1,Q04MU7,RPOY_STRP2
,ABJ55053.1,Q04MV1,MNMA_STRP2
,ABJ53962.1,Q04MW7,ASSY_STRP2
,ABJ54358.1,Q04N19,PUR9_STRP2
,ABJ54031.1,Q04N22,PUR5_STRP2
,ABJ54211.1,Q04N31,PLSX_STRP2
,ABJ54068.1,Q04N48,PURA_STRP2
,ABJ54027.1,Q04N59,PTH_STRP2
,ABJ53639.1,A0A0H2ZKZ7,A0A0H2ZKZ7_STRP2
,ABJ53660.1,A0A0H2ZL13,A0A0H2ZL13_STRP2
,ABJ53651.1,A0A0H2ZLE0,A0A0H2ZLE0_STRP2
,ABJ53862.1,A0A0H2ZLI2,A0A0H2ZLI2_STRP2
,ABJ53688.1,A0A0H2ZLI9,A0A0H2ZLI9_STRP2
,ABJ53694.1,A0A0H2ZLJ4,A0A0H2ZLJ4_STRP2
,ABJ53886.1,A0A0H2ZLK0,A0A0H2ZLK0_STRP2
,ABJ53728.1,A0A0H2ZLL8,A0A0H2ZLL8_STRP2
,ABJ53915.1,A0A0H2ZLM4,A0A0H2ZLM4_STRP2
,ABJ53742.1,A0A0H2ZLM5,A0A0H2ZLM5_STRP2
,ABJ53943.1,A0A0H2ZLN9,A0A0H2ZLN9_STRP2
,ABJ53948.1,A0A0H2ZLP5,A0A0H2ZLP5_STRP2
,ABJ53636.1,A0A0H2ZLQ4,A0A0H2ZLQ4_STRP2
,ABJ53977.1,A0A0H2ZLR8,A0A0H2ZLR8_STRP2
,ABJ53989.1,A0A0H2ZLS7,A0A0H2ZLS7_STRP2
,ABJ53821.1,A0A0H2ZLT2,A0A0H2ZLT2_STRP2
,ABJ53843.1,A0A0H2ZLU4,A0A0H2ZLU4_STRP2
,ABJ54039.1,A0A0H2ZLV7,A0A0H2ZLV7_STRP2
,ABJ53879.1,A0A0H2ZLX2,A0A0H2ZLX2_STRP2
,ABJ53692.1,A0A0H2ZLX3,A0A0H2ZLX3_STRP2
,ABJ54075.1,A0A0H2ZLY1,A0A0H2ZLY1_STRP2
,ABJ53901.1,A0A0H2ZLY7,A0A0H2ZLY7_STRP2
,ABJ54088.1,A0A0H2ZLY8,A0A0H2ZLY8_STRP2
,ABJ53751.1,A0A0H2ZM13,A0A0H2ZM13_STRP2
,ABJ54123.1,A0A0H2ZM15,A0A0H2ZM15_STRP2
,ABJ54130.1,A0A0H2ZM20,A0A0H2ZM20_STRP2
,ABJ53769.1,A0A0H2ZM27,A0A0H2ZM27_STRP2
,ABJ53622.1,A0A0H2ZM30,A0A0H2ZM30_STRP2
,ABJ54177.1,A0A0H2ZM51,A0A0H2ZM51_STRP2
,ABJ53825.1,A0A0H2ZM66,A0A0H2ZM66_STRP2
,ABJ54033.1,A0A0H2ZM69,A0A0H2ZM69_STRP2
,ABJ53607.1,A0A0H2ZM89,A0A0H2ZM89_STRP2
,ABJ53871.1,A0A0H2ZM95,A0A0H2ZM95_STRP2
,ABJ54081.1,A0A0H2ZM97,A0A0H2ZM97_STRP2
,ABJ53630.1,A0A0H2ZMB0,A0A0H2ZMB0_STRP2
,ABJ53667.1,A0A0H2ZMB1,A0A0H2ZMB1_STRP2
,ABJ54105.1,A0A0H2ZMB2,A0A0H2ZMB2_STRP2
,ABJ54257.1,A0A0H2ZMB3,A0A0H2ZMB3_STRP2
,ABJ54264.1,A0A0H2ZMB9,A0A0H2ZMB9_STRP2
,ABJ53678.1,A0A0H2ZMC0,A0A0H2ZMC0_STRP2
,ABJ53919.1,A0A0H2ZMC5,A0A0H2ZMC5_STRP2
,ABJ53685.1,A0A0H2ZMC6,A0A0H2ZMC6_STRP2
,ABJ53714.1,A0A0H2ZME3,A0A0H2ZME3_STRP2
,ABJ54168.1,A0A0H2ZMF0,A0A0H2ZMF0_STRP2
,ABJ53996.1,A0A0H2ZMH0,A0A0H2ZMH0_STRP2
,ABJ54314.1,A0A0H2ZMH1,A0A0H2ZMH1_STRP2
,ABJ53763.1,A0A0H2ZMH6,A0A0H2ZMH6_STRP2
,ABJ54216.1,A0A0H2ZMI8,A0A0H2ZMI8_STRP2
,ABJ54222.1,A0A0H2ZMJ4,A0A0H2ZMJ4_STRP2
,ABJ54355.1,A0A0H2ZMK1,A0A0H2ZMK1_STRP2
,ABJ53716.1,A0A0H2ZMK9,A0A0H2ZMK9_STRP2
,ABJ54246.1,A0A0H2ZML6,A0A0H2ZML6_STRP2
,ABJ53733.1,A0A0H2ZMM5,A0A0H2ZMM5_STRP2
,ABJ53824.1,A0A0H2ZMM6,A0A0H2ZMM6_STRP2
,ABJ54072.1,A0A0H2ZMM8,A0A0H2ZMM8_STRP2
,ABJ54077.1,A0A0H2ZMN4,A0A0H2ZMN4_STRP2
,ABJ53840.1,A0A0H2ZMP1,A0A0H2ZMP1_STRP2
,ABJ53864.1,A0A0H2ZMQ6,A0A0H2ZMQ6_STRP2
,ABJ53808.1,A0A0H2ZMS8,A0A0H2ZMS8_STRP2
,ABJ54462.1,A0A0H2ZMT3,A0A0H2ZMT3_STRP2
,ABJ53815.1,A0A0H2ZMT4,A0A0H2ZMT4_STRP2
,ABJ54300.1,A0A0H2ZMT5,A0A0H2ZMT5_STRP2
,ABJ54467.1,A0A0H2ZMT8,A0A0H2ZMT8_STRP2
,ABJ53910.1,A0A0H2ZMU1,A0A0H2ZMU1_STRP2
,ABJ54488.1,A0A0H2ZMV4,A0A0H2ZMV4_STRP2
,ABJ54501.1,A0A0H2ZMW4,A0A0H2ZMW4_STRP2
,ABJ53849.1,A0A0H2ZMW6,A0A0H2ZMW6_STRP2
,ABJ54345.1,A0A0H2ZMW7,A0A0H2ZMW7_STRP2
,ABJ54513.1,A0A0H2ZMX3,A0A0H2ZMX3_STRP2
,ABJ53866.1,A0A0H2ZMY0,A0A0H2ZMY0_STRP2
,ABJ54526.1,A0A0H2ZMY3,A0A0H2ZMY3_STRP2
,ABJ54532.1,A0A0H2ZMY8,A0A0H2ZMY8_STRP2
,ABJ54192.1,A0A0H2ZMZ2,A0A0H2ZMZ2_STRP2
,ABJ53900.1,A0A0H2ZN08,A0A0H2ZN08_STRP2
,ABJ54008.1,A0A0H2ZN15,A0A0H2ZN15_STRP2
,ABJ54214.1,A0A0H2ZN16,A0A0H2ZN16_STRP2
,ABJ54411.1,A0A0H2ZN18,A0A0H2ZN18_STRP2
,ABJ54014.1,A0A0H2ZN20,A0A0H2ZN20_STRP2
,ABJ53921.1,A0A0H2ZN24,A0A0H2ZN24_STRP2
,ABJ54026.1,A0A0H2ZN30,A0A0H2ZN30_STRP2
,ABJ53941.1,A0A0H2ZN34,A0A0H2ZN34_STRP2
,ABJ53952.1,A0A0H2ZN42,A0A0H2ZN42_STRP2
,ABJ54254.1,A0A0H2ZN54,A0A0H2ZN54_STRP2
,ABJ54071.1,A0A0H2ZN59,A0A0H2ZN59_STRP2
,ABJ54076.1,A0A0H2ZN64,A0A0H2ZN64_STRP2
,ABJ54084.1,A0A0H2ZN69,A0A0H2ZN69_STRP2
,ABJ54632.1,A0A0H2ZN75,A0A0H2ZN75_STRP2
,ABJ53992.1,A0A0H2ZN77,A0A0H2ZN77_STRP2
,ABJ54037.1,A0A0H2ZNA3,A0A0H2ZNA3_STRP2
,ABJ54149.1,A0A0H2ZNC0,A0A0H2ZNC0_STRP2
,ABJ54156.1,A0A0H2ZNC5,A0A0H2ZNC5_STRP2
,ABJ54183.1,A0A0H2ZNE7,A0A0H2ZNE7_STRP2
,ABJ54110.1,A0A0H2ZNF9,A0A0H2ZNF9_STRP2
,ABJ54606.1,A0A0H2ZNG6,A0A0H2ZNG6_STRP2
,ABJ54369.1,A0A0H2ZNG8,A0A0H2ZNG8_STRP2
,ABJ54755.1,A0A0H2ZNH8,A0A0H2ZNH8_STRP2
,ABJ54224.1,A0A0H2ZNI3,A0A0H2ZNI3_STRP2
,ABJ54386.1,A0A0H2ZNI4,A0A0H2ZNI4_STRP2
,ABJ54631.1,A0A0H2ZNI6,A0A0H2ZNI6_STRP2
,ABJ54397.1,A0A0H2ZNJ1,A0A0H2ZNJ1_STRP2
,ABJ54420.1,A0A0H2ZNL2,A0A0H2ZNL2_STRP2
,ABJ54258.1,A0A0H2ZNL4,A0A0H2ZNL4_STRP2
,ABJ54666.1,A0A0H2ZNL5,A0A0H2ZNL5_STRP2
,ABJ54425.1,A0A0H2ZNL7,A0A0H2ZNL7_STRP2
,ABJ54273.1,A0A0H2ZNM5,A0A0H2ZNM5_STRP2
,ABJ54814.1,A0A0H2ZNN0,A0A0H2ZNN0_STRP2
,ABJ54447.1,A0A0H2ZNN6,A0A0H2ZNN6_STRP2
,ABJ54458.1,A0A0H2ZNP4,A0A0H2ZNP4_STRP2
,ABJ54226.1,A0A0H2ZNQ0,A0A0H2ZNQ0_STRP2
,ABJ54471.1,A0A0H2ZNQ1,A0A0H2ZNQ1_STRP2
,ABJ54278.1,A0A0H2ZNQ3,A0A0H2ZNQ3_STRP2
,ABJ54232.1,A0A0H2ZNQ5,A0A0H2ZNQ5_STRP2
,ABJ54477.1,A0A0H2ZNQ6,A0A0H2ZNQ6_STRP2
,ABJ54850.1,A0A0H2ZNQ8,A0A0H2ZNQ8_STRP2
,ABJ54237.1,A0A0H2ZNR2,A0A0H2ZNR2_STRP2
,ABJ54738.1,A0A0H2ZNS0,A0A0H2ZNS0_STRP2
,ABJ54309.1,A0A0H2ZNS3,A0A0H2ZNS3_STRP2
,ABJ54753.1,A0A0H2ZNT1,A0A0H2ZNT1_STRP2
,ABJ54269.1,A0A0H2ZNT6,A0A0H2ZNT6_STRP2
,ABJ54529.1,A0A0H2ZNU1,A0A0H2ZNU1_STRP2
,ABJ54773.1,A0A0H2ZNU3,A0A0H2ZNU3_STRP2
,ABJ54535.1,A0A0H2ZNU4,A0A0H2ZNU4_STRP2
,ABJ54356.1,A0A0H2ZNU5,A0A0H2ZNU5_STRP2
,ABJ54540.1,A0A0H2ZNU7,A0A0H2ZNU7_STRP2
,ABJ54380.1,A0A0H2ZNV7,A0A0H2ZNV7_STRP2
,ABJ54885.1,A0A0H2ZNV8,A0A0H2ZNV8_STRP2
,ABJ54798.1,A0A0H2ZNW0,A0A0H2ZNW0_STRP2
,ABJ54568.1,A0A0H2ZNW9,A0A0H2ZNW9_STRP2
,ABJ54813.1,A0A0H2ZNX4,A0A0H2ZNX4_STRP2
,ABJ54306.1,A0A0H2ZNY4,A0A0H2ZNY4_STRP2
,ABJ54413.1,A0A0H2ZNY5,A0A0H2ZNY5_STRP2
,ABJ54424.1,A0A0H2ZNZ5,A0A0H2ZNZ5_STRP2
,ABJ54939.1,A0A0H2ZNZ7,A0A0H2ZNZ7_STRP2
,ABJ54435.1,A0A0H2ZP06,A0A0H2ZP06_STRP2
,ABJ54849.1,A0A0H2ZP09,A0A0H2ZP09_STRP2
,ABJ54344.1,A0A0H2ZP13,A0A0H2ZP13_STRP2
,ABJ54966.1,A0A0H2ZP17,A0A0H2ZP17_STRP2
,ABJ54634.1,A0A0H2ZP25,A0A0H2ZP25_STRP2
,ABJ54988.1,A0A0H2ZP36,A0A0H2ZP36_STRP2
,ABJ54653.1,A0A0H2ZP39,A0A0H2ZP39_STRP2
,ABJ55004.1,A0A0H2ZP47,A0A0H2ZP47_STRP2
,ABJ54664.1,A0A0H2ZP48,A0A0H2ZP48_STRP2
,ABJ54398.1,A0A0H2ZP49,A0A0H2ZP49_STRP2
,ABJ54497.1,A0A0H2ZP50,A0A0H2ZP50_STRP2
,ABJ55009.1,A0A0H2ZP52,A0A0H2ZP52_STRP2
,ABJ54670.1,A0A0H2ZP55,A0A0H2ZP55_STRP2
,ABJ55014.1,A0A0H2ZP57,A0A0H2ZP57_STRP2
,ABJ54415.1,A0A0H2ZP58,A0A0H2ZP58_STRP2
,ABJ54675.1,A0A0H2ZP60,A0A0H2ZP60_STRP2
,ABJ54514.1,A0A0H2ZP65,A0A0H2ZP65_STRP2
,ABJ54889.1,A0A0H2ZP69,A0A0H2ZP69_STRP2
,ABJ54895.1,A0A0H2ZP74,A0A0H2ZP74_STRP2
,ABJ55047.1,A0A0H2ZP81,A0A0H2ZP81_STRP2
,ABJ54539.1,A0A0H2ZP87,A0A0H2ZP87_STRP2
,ABJ54709.1,A0A0H2ZP92,A0A0H2ZP92_STRP2
,ABJ54965.1,A0A0H2ZPB4,A0A0H2ZPB4_STRP2
,ABJ54573.1,A0A0H2ZPC2,A0A0H2ZPC2_STRP2
,ABJ54976.1,A0A0H2ZPC3,A0A0H2ZPC3_STRP2
,ABJ54586.1,A0A0H2ZPD3,A0A0H2ZPD3_STRP2
,ABJ55102.1,A0A0H2ZPD4,A0A0H2ZPD4_STRP2
,ABJ54992.1,A0A0H2ZPD6,A0A0H2ZPD6_STRP2
,ABJ54757.1,A0A0H2ZPD7,A0A0H2ZPD7_STRP2
,ABJ54522.1,A0A0H2ZPE0,A0A0H2ZPE0_STRP2
,ABJ54769.1,A0A0H2ZPF0,A0A0H2ZPF0_STRP2
,ABJ54552.1,A0A0H2ZPG2,A0A0H2ZPG2_STRP2
,ABJ55031.1,A0A0H2ZPG3,A0A0H2ZPG3_STRP2
,ABJ54558.1,A0A0H2ZPG6,A0A0H2ZPG6_STRP2
,ABJ54619.1,A0A0H2ZPG7,A0A0H2ZPG7_STRP2
,ABJ54626.1,A0A0H2ZPH2,A0A0H2ZPH2_STRP2
,ABJ54569.1,A0A0H2ZPH4,A0A0H2ZPH4_STRP2
,ABJ54639.1,A0A0H2ZPI5,A0A0H2ZPI5_STRP2
,ABJ54806.1,A0A0H2ZPI8,A0A0H2ZPI8_STRP2
,ABJ54599.1,A0A0H2ZPJ5,A0A0H2ZPJ5_STRP2
,ABJ54611.1,A0A0H2ZPK4,A0A0H2ZPK4_STRP2
,ABJ55211.1,A0A0H2ZPM6,A0A0H2ZPM6_STRP2
,ABJ54842.1,A0A0H2ZPM8,A0A0H2ZPM8_STRP2
,ABJ54685.1,A0A0H2ZPN1,A0A0H2ZPN1_STRP2
,ABJ55137.1,A0A0H2ZPN3,A0A0H2ZPN3_STRP2
,ABJ55142.1,A0A0H2ZPN8,A0A0H2ZPN8_STRP2
,ABJ54703.1,A0A0H2ZPP6,A0A0H2ZPP6_STRP2
,ABJ54864.1,A0A0H2ZPQ0,A0A0H2ZPQ0_STRP2
,ABJ54708.1,A0A0H2ZPQ2,A0A0H2ZPQ2_STRP2
,ABJ54869.1,A0A0H2ZPQ5,A0A0H2ZPQ5_STRP2
,ABJ55255.1,A0A0H2ZPQ9,A0A0H2ZPQ9_STRP2
,ABJ54719.1,A0A0H2ZPR2,A0A0H2ZPR2_STRP2
,ABJ55198.1,A0A0H2ZPS5,A0A0H2ZPS5_STRP2
,ABJ54741.1,A0A0H2ZPT0,A0A0H2ZPT0_STRP2
,ABJ55292.1,A0A0H2ZPT5,FTSA_STRP2
,ABJ55221.1,A0A0H2ZPU3,A0A0H2ZPU3_STRP2
,ABJ55232.1,A0A0H2ZPV4,A0A0H2ZPV4_STRP2
,ABJ55313.1,A0A0H2ZPV5,A0A0H2ZPV5_STRP2
,ABJ54916.1,A0A0H2ZPW3,A0A0H2ZPW3_STRP2
,ABJ55248.1,A0A0H2ZPW5,A0A0H2ZPW5_STRP2
,ABJ55324.1,A0A0H2ZPW6,A0A0H2ZPW6_STRP2
,ABJ54788.1,A0A0H2ZPW7,A0A0H2ZPW7_STRP2
,ABJ54758.1,A0A0H2ZPX5,A0A0H2ZPX5_STRP2
,ABJ54949.1,A0A0H2ZPY0,A0A0H2ZPY0_STRP2
,ABJ54954.1,A0A0H2ZPY5,A0A0H2ZPY5_STRP2
,ABJ54810.1,A0A0H2ZPY6,A0A0H2ZPY6_STRP2
,ABJ54815.1,A0A0H2ZPZ1,A0A0H2ZPZ1_STRP2
,ABJ54777.1,A0A0H2ZPZ3,A0A0H2ZPZ3_STRP2
,ABJ55352.1,A0A0H2ZPZ5,A0A0H2ZPZ5_STRP2
,ABJ54821.1,A0A0H2ZPZ7,A0A0H2ZPZ7_STRP2
,ABJ54790.1,A0A0H2ZQ04,A0A0H2ZQ04_STRP2
,ABJ54985.1,A0A0H2ZQ10,A0A0H2ZQ10_STRP2
,ABJ55312.1,A0A0H2ZQ12,A0A0H2ZQ12_STRP2
,ABJ55372.1,A0A0H2ZQ13,A0A0H2ZQ13_STRP2
,ABJ55385.1,A0A0H2ZQ25,A0A0H2ZQ25_STRP2
,ABJ55042.1,A0A0H2ZQ59,A0A0H2ZQ59_STRP2
,ABJ55405.1,A0A0H2ZQ65,A0A0H2ZQ65_STRP2
,ABJ55458.1,A0A0H2ZQ78,A0A0H2ZQ78_STRP2
,ABJ54891.1,A0A0H2ZQ79,A0A0H2ZQ79_STRP2
,ABJ55463.1,A0A0H2ZQ82,A0A0H2ZQ82_STRP2
,ABJ55437.1,A0A0H2ZQ85,A0A0H2ZQ85_STRP2
,ABJ55468.1,A0A0H2ZQ87,A0A0H2ZQ87_STRP2
,ABJ55473.1,A0A0H2ZQ91,A0A0H2ZQ91_STRP2
,ABJ55450.1,A0A0H2ZQ94,A0A0H2ZQ94_STRP2
,ABJ54924.1,A0A0H2ZQ96,A0A0H2ZQ96_STRP2
,ABJ55457.1,A0A0H2ZQ99,A0A0H2ZQ99_STRP2
,ABJ54934.1,A0A0H2ZQA1,A0A0H2ZQA1_STRP2
,ABJ54948.1,A0A0H2ZQA9,A0A0H2ZQA9_STRP2
,ABJ55122.1,A0A0H2ZQB4,A0A0H2ZQB4_STRP2
,ABJ55140.1,A0A0H2ZQC3,A0A0H2ZQC3_STRP2
,ABJ54919.1,A0A0H2ZQC4,A0A0H2ZQC4_STRP2
,ABJ55151.1,A0A0H2ZQD0,A0A0H2ZQD0_STRP2
,ABJ55166.1,A0A0H2ZQE0,A0A0H2ZQE0_STRP2
,ABJ54950.1,A0A0H2ZQE1,A0A0H2ZQE1_STRP2
,ABJ55484.1,A0A0H2ZQE4,A0A0H2ZQE4_STRP2
,ABJ55171.1,A0A0H2ZQE9,A0A0H2ZQE9_STRP2
,ABJ55496.1,A0A0H2ZQF0,A0A0H2ZQF0_STRP2
,ABJ55035.1,A0A0H2ZQH7,A0A0H2ZQH7_STRP2
,ABJ55041.1,A0A0H2ZQI4,A0A0H2ZQI4_STRP2
,ABJ55208.1,A0A0H2ZQI7,A0A0H2ZQI7_STRP2
,ABJ54997.1,A0A0H2ZQJ0,A0A0H2ZQJ0_STRP2
,ABJ55214.1,A0A0H2ZQJ5,A0A0H2ZQJ5_STRP2
,ABJ55219.1,A0A0H2ZQK0,A0A0H2ZQK0_STRP2
,ABJ55012.1,A0A0H2ZQK4,A0A0H2ZQK4_STRP2
,ABJ55237.1,A0A0H2ZQM2,A0A0H2ZQM2_STRP2
,ABJ55086.1,A0A0H2ZQM6,A0A0H2ZQM6_STRP2
,ABJ55091.1,A0A0H2ZQN3,A0A0H2ZQN3_STRP2
,ABJ55103.1,A0A0H2ZQP5,A0A0H2ZQP5_STRP2
,ABJ55059.1,A0A0H2ZQQ0,A0A0H2ZQQ0_STRP2
,ABJ55262.1,A0A0H2ZQQ1,A0A0H2ZQQ1_STRP2
,ABJ55272.1,A0A0H2ZQR4,A0A0H2ZQR4_STRP2
,ABJ55076.1,A0A0H2ZQR8,A0A0H2ZQR8_STRP2
,ABJ55133.1,A0A0H2ZQS2,A0A0H2ZQS2_STRP2
,ABJ55093.1,A0A0H2ZQT1,A0A0H2ZQT1_STRP2
,ABJ55145.1,A0A0H2ZQT2,A0A0H2ZQT2_STRP2
,ABJ55106.1,A0A0H2ZQU2,A0A0H2ZQU2_STRP2
,ABJ55164.1,A0A0H2ZQU9,A0A0H2ZQU9_STRP2
,ABJ55117.1,A0A0H2ZQV6,A0A0H2ZQV6_STRP2
,ABJ55175.1,A0A0H2ZQW0,A0A0H2ZQW0_STRP2
,ABJ55326.1,A0A0H2ZQW9,A0A0H2ZQW9_STRP2
,ABJ55141.1,A0A0H2ZQX6,A0A0H2ZQX6_STRP2
,ABJ55338.1,A0A0H2ZQY4,A0A0H2ZQY4_STRP2
,ABJ55344.1,A0A0H2ZQZ1,A0A0H2ZQZ1_STRP2
,ABJ55207.1,A0A0H2ZQZ4,A0A0H2ZQZ4_STRP2
,ABJ55172.1,A0A0H2ZR10,A0A0H2ZR10_STRP2
,ABJ55183.1,A0A0H2ZR20,A0A0H2ZR20_STRP2
,ABJ55235.1,A0A0H2ZR23,A0A0H2ZR23_STRP2
,ABJ55209.1,A0A0H2ZR44,A0A0H2ZR44_STRP2
,ABJ55261.1,A0A0H2ZR49,A0A0H2ZR49_STRP2
,ABJ55408.1,A0A0H2ZR63,A0A0H2ZR63_STRP2
,ABJ55276.1,A0A0H2ZR68,A0A0H2ZR68_STRP2
,ABJ55414.1,A0A0H2ZR70,A0A0H2ZR70_STRP2
,ABJ55239.1,A0A0H2ZR72,A0A0H2ZR72_STRP2
,ABJ55287.1,A0A0H2ZR80,A0A0H2ZR80_STRP2
,ABJ55293.1,A0A0H2ZR88,A0A0H2ZR88_STRP2
,ABJ55445.1,A0A0H2ZRA5,A0A0H2ZRA5_STRP2
,ABJ55268.1,A0A0H2ZRA8,A0A0H2ZRA8_STRP2
,ABJ55283.1,A0A0H2ZRC7,A0A0H2ZRC7_STRP2
,ABJ55337.1,A0A0H2ZRE3,A0A0H2ZRE3_STRP2
,ABJ55295.1,A0A0H2ZRE4,A0A0H2ZRE4_STRP2
,ABJ55358.1,A0A0H2ZRG2,A0A0H2ZRG2_STRP2
,ABJ55381.1,A0A0H2ZRH2,A0A0H2ZRH2_STRP2
,ABJ55387.1,A0A0H2ZRH7,A0A0H2ZRH7_STRP2
,ABJ55412.1,A0A0H2ZRJ4,A0A0H2ZRJ4_STRP2
,ABJ55362.1,A0A0H2ZRK2,A0A0H2ZRK2_STRP2
,ABJ55376.1,A0A0H2ZRL6,A0A0H2ZRL6_STRP2
,ABJ55409.1,A0A0H2ZRP7,A0A0H2ZRP7_STRP2
,ABJ55420.1,A0A0H2ZRQ7,A0A0H2ZRQ7_STRP2
,ABJ55428.1,A0A0H2ZRR1,A0A0H2ZRR1_STRP2
,ABJ55461.1,A0A0H2ZRT4,A0A0H2ZRT4_STRP2
,ABJ55471.1,A0A0H2ZRU4,A0A0H2ZRU4_STRP2
,ABJ55515.1,A0A0H2ZRW0,A0A0H2ZRW0_STRP2
,AAD12155.1,O52776,REP_STRP2
,ABJ54786.1,Q04HS9,GREA_STRP2
,ABJ54678.1,Q04HT4,ATP6_STRP2
,ABJ53806.1,Q04HT5,ATPF_STRP2
,ABJ54439.1,Q04HT6,ATPD_STRP2
,ABJ54201.1,Q04HT8,ATPG_STRP2
,ABJ53856.1,Q04HU2,RLMH_STRP2
,ABJ54836.1,Q04HV1,RECF_STRP2
,ABJ54283.1,Q04HV7,ECFA1_STRP2
,ABJ55378.1,Q04HV8,ECFA2_STRP2
,ABJ55424.1,Q04HW3,RS2_STRP2
,ABJ54372.1,Q04HW4,EFTS_STRP2
,ABJ53631.1,Q04HX2,RL9_STRP2
,ABJ54265.1,Q04HY8,HSLO_STRP2
,ABJ55105.1,Q04HZ9,DLTC_STRP2
,ABJ55204.1,Q04I36,RL33_STRP2
,ABJ54359.1,Q04I37,RL32_STRP2
,ABJ54083.1,Q04I50,SYH_STRP2
,ABJ54944.1,Q04I77,DAPH_STRP2
,ABJ53880.1,Q04I78,DAPEL_STRP2
,ABJ54835.1,Q04I94,SYR_STRP2
,ABJ54127.1,Q04I96,MUTS_STRP2
,ABJ54189.1,Q04ID0,RNPA_STRP2
,ABJ55375.1,Q04IH6,RL34_STRP2
,ABJ54080.1,Q04IJ8,ASNA_STRP2
,ABJ54739.1,Q04IQ6,NTDP_STRP2
,ABJ54577.1,Q04IQ7,RECX_STRP2
,ABJ54892.1,Q04IS7,MURI_STRP2
,ABJ55336.1,Q04IT1,XERDL_STRP2
,ABJ54301.1,Q04IT2,SCPA_STRP2
,ABJ54926.1,Q04IT3,SCPB_STRP2
,ABJ54493.1,Q04IT5,YIDD_STRP2
,ABJ55134.1,Q04IY7,TRPC_STRP2
,ABJ54263.1,Q04IY8,TRPF_STRP2
,ABJ54918.1,Q04IY9,TRPB_STRP2
,ABJ53624.1,Q04IZ0,TRPA_STRP2
,ABJ54943.1,Q04J12,PRMA_STRP2
,ABJ54378.1,Q04J33,TMCAL_STRP2
,ABJ55165.1,Q04J36,RNY_STRP2
,ABJ54065.1,Q04J40,FMT_STRP2
,ABJ55026.1,Q04J60,NRDR_STRP2
,ABJ54175.1,Q04J64,DER_STRP2
,ABJ54171.1,Q04J73,ACPS_STRP2
,ABJ54303.1,Q04J97,RECR_STRP2
,ABJ53822.1,Q04JA5,SEPF_STRP2
,ABJ55446.1,Q04JE2,RS15_STRP2
,ABJ53689.1,Q04JI0,ENGB_STRP2
,ABJ53642.1,Q04JI2,Y1396_STRP2
,ABJ53810.1,Q04JI4,WHIA_STRP2
,ABJ54627.1,Q04JI5,FENR_STRP2
,ABJ53931.1,Q04JK7,SYN_STRP2
,ABJ55036.1,Q04JK8,RS6_STRP2
,ABJ55046.1,Q04JL0,RS18_STRP2
,ABJ55121.1,Q04JL5,PPAC_STRP2
,ABJ54933.1,Q04JM7,SYGA_STRP2
,ABJ54528.1,Q04JM8,SYGB_STRP2
,ABJ54406.1,Q04JP7,DEF_STRP2
,ABJ53981.1,Q04JT4,QUEA_STRP2
,ABJ55391.1,Q04JT6,RS21_STRP2
,ABJ54220.1,Q04JT8,LGT_STRP2
,ABJ54695.1,Q04JW0,POTA_STRP2
,ABJ53985.1,Q04JY5,MECA_STRP2
,ABJ55397.1,Q04JY7,KHSE_STRP2
,ABJ54946.1,Q04JZ3,RL10_STRP2
,ABJ54917.1,Q04JZ4,RL7_STRP2
,ABJ54060.1,Q04K26,RL31B_STRP2
,ABJ54481.1,Q04K32,RL19_STRP2
,ABJ55129.1,Q04K39,RSMG_STRP2
,ABJ54353.1,Q04K41,HTPX_STRP2
,ABJ54004.1,Q04K45,PYRR_STRP2
,ABJ54561.1,Q04K71,GUAC_STRP2
,ABJ55341.1,Q04K90,FTHS_STRP2
,ABJ54024.1,Q04KA7,TRUB_STRP2
,ABJ53756.1,Q04KB0,EX7L_STRP2
,ABJ54820.1,Q04KB1,EX7S_STRP2
,ABJ54186.1,Q04KC1,LACA_STRP2
,ABJ55425.1,Q04KC2,LACB_STRP2
,ABJ54335.1,Q04KC3,LACC_STRP2
,ABJ55017.1,Q04KE2,UNG_STRP2
,ABJ54460.1,Q04KF1,XERS_STRP2
,ABJ54779.1,Q04KG5,GLGA_STRP2
,ABJ53759.1,Q04KI2,RL27_STRP2
,ABJ55043.1,Q04KI4,RL21_STRP2
,ABJ54907.1,Q04KI6,Y987_STRP2
,ABJ54908.1,Q04KJ8,Y975_STRP2
,ABJ54336.1,Q04KL8,CAPP_STRP2
,ABJ55449.1,Q04KR4,RF1_STRP2
,ABJ55329.1,Q04KS4,CPFC_STRP2
,ABJ55379.1,Q04KU8,PRSA_STRP2
,ABJ54746.1,Q04KV3,SSRP_STRP2
,ABJ54640.1,Q04KW1,YBEY_STRP2
,ABJ54841.1,Q04KW7,RL20_STRP2
,ABJ54754.1,Q04KW8,RL35_STRP2
,ABJ53940.1,Q04KW9,IF3_STRP2
,ABJ55153.1,Q04KY0,RRF_STRP2
,ABJ54628.1,Q04KY8,YABA_STRP2
,ABJ54857.1,Q04KZ0,KTHY_STRP2
,ABJ54450.1,Q04KZ2,PROA_STRP2
,ABJ54341.1,Q04L01,AGUA_STRP2
,ABJ53760.1,Q04L55,PCP_STRP2
,ABJ54070.1,Q04L73,COAA_STRP2
,ABJ53976.1,Q04L74,RS20_STRP2
,ABJ55189.1,Q04L94,EZRA_STRP2
,ABJ55191.1,Q04LC5,TRMD_STRP2
,ABJ54545.1,Q04LC6,RIMM_STRP2
,ABJ54325.1,Q04LD0,RS16_STRP2
,ABJ54995.1,Q04LL3,RNZ_STRP2
,ABJ54000.1,Q04LP6,RL1_STRP2
,ABJ54012.1,Q04LP7,RL11_STRP2
,ABJ54051.1,Q04LV9,RBFA_STRP2
,ABJ54884.1,Q04LW0,IF2_STRP2
,ABJ54971.1,Q04LW4,RIMP_STRP2
,ABJ54794.1,Q04LY0,DNAK_STRP2
,ABJ55365.1,Q04LY1,GRPE_STRP2
,ABJ54962.1,Q04LZ9,RPOE_STRP2
,ABJ54143.1,Q04M37,RL28_STRP2
,ABJ55240.1,Q04M39,RF3_STRP2
,ABJ54141.1,Q04M40,GATC_STRP2
,ABJ54745.1,Q04M41,GATA_STRP2
,ABJ53922.1,Q04M42,GATB_STRP2
,ABJ54475.1,Q04M43,EFP_STRP2
,ABJ54523.1,Q04M45,NUSB_STRP2
,ABJ54824.1,Q04M75,MTLD_STRP2
,ABJ54095.1,Q04M95,GPSB_STRP2
,AAD10184.1,Q04MA2,Q04MA2_STRP2
,AAD10183.1,Q04MA3,Q04MA3_STRP2
,ABJ54495.1,Q04MC2,LUXS_STRP2
,ABJ53738.1,Q04MC7,RSMH_STRP2
,ABJ55401.1,Q04MF5,RS9_STRP2
,ABJ54142.1,Q04MH6,DPO3_STRP2
,ABJ55048.1,Q04MH7,EFG_STRP2
,ABJ55213.1,Q04MH8,RS7_STRP2
,ABJ54605.1,Q04MH9,RS12_STRP2
,ABJ55501.1,Q04MJ2,SYL_STRP2
,ABJ53743.1,Q04ML0,RL17_STRP2
,ABJ53737.1,Q04ML2,RS11_STRP2
,ABJ54343.1,Q04ML3,RS13_STRP2
,ABJ55413.1,Q04ML4,IF1_STRP2
,ABJ53681.1,Q04ML7,RL15_STRP2
,ABJ55032.1,Q04ML8,RL30_STRP2
,ABJ53791.1,Q04ML9,RS5_STRP2
,ABJ54167.1,Q04MM0,RL18_STRP2
,ABJ55236.1,Q04MM1,RL6_STRP2
,ABJ54001.1,Q04MM2,RS8_STRP2
,ABJ54607.1,Q04MM3,RS14_STRP2
,ABJ53730.1,Q04MM4,RL5_STRP2
,ABJ54346.1,Q04MM5,RL24_STRP2
,ABJ55322.1,Q04MM6,RL14_STRP2
,ABJ54151.1,Q04MM7,RS17_STRP2
,ABJ55234.1,Q04MM8,RL29_STRP2
,ABJ53923.1,Q04MM9,RL16_STRP2
,ABJ53698.1,Q04MN0,RS3_STRP2
,ABJ55492.1,Q04MN1,RL22_STRP2
,ABJ54408.1,Q04MN2,RS19_STRP2
,ABJ53934.1,Q04MN3,RL2_STRP2
,ABJ54126.1,Q04MN4,RL23_STRP2
,ABJ53662.1,Q04MN5,RL4_STRP2
,ABJ55021.1,Q04MN6,RL3_STRP2
,ABJ54959.1,Q04MN7,RS10_STRP2
,ABJ54115.1,Q04MP8,YQGF_STRP2
,ABJ55434.1,Q04MR3,RISB_STRP2
,ABJ54692.1,Q04MR4,MUTL_STRP2
,ABJ53608.1,Q04MU9,MNMG_STRP2
,ABJ55243.1,Q04MW6,ARLY_STRP2
,ABJ55429.1,Q04MY5,TRHO_STRP2
,ABJ54877.1,Q04MZ3,RS4_STRP2
,ABJ54486.1,Q04N25,PUR7_STRP2
,ABJ55486.1,Q04N32,RECO_STRP2
,ABJ55077.1,Q04N53,TILS_STRP2
,ABJ54693.1,Q04N64,ATPE_STRP2
,ABJ53652.1,Q04N79,EFTU_STRP2
,AAD10181.1,Q9ZIH6,Q9ZIH6_STRP2
,AAD10180.2,Q9ZIH8,Q9ZIH8_STRP2
,AAD10173.1,Q9ZII6,Q9ZII6_STRP2
,AAD10172.2,Q9ZII7,Q9ZII7_STRP2
,AAD10171.2,Q9ZII8,Q9ZII8_STRP2
,ABJ53610.1,A0A0H2ZKX1,A0A0H2ZKX1_STRP2
,ABJ53615.1,A0A0H2ZKX7,A0A0H2ZKX7_STRP2
,ABJ53621.1,A0A0H2ZKY1,A0A0H2ZKY1_STRP2
,ABJ53633.1,A0A0H2ZKZ2,A0A0H2ZKZ2_STRP2
,ABJ53646.1,A0A0H2ZL02,A0A0H2ZL02_STRP2
,ABJ53653.1,A0A0H2ZL07,A0A0H2ZL07_STRP2
,ABJ53666.1,A0A0H2ZL46,A0A0H2ZL46_STRP2
,ABJ53671.1,A0A0H2ZL49,A0A0H2ZL49_STRP2
,ABJ53677.1,A0A0H2ZL53,A0A0H2ZL53_STRP2
,ABJ53684.1,A0A0H2ZL58,A0A0H2ZL58_STRP2
,ABJ53690.1,A0A0H2ZL61,A0A0H2ZL61_STRP2
,ABJ53701.1,A0A0H2ZL68,A0A0H2ZL68_STRP2
,ABJ53708.1,A0A0H2ZL72,A0A0H2ZL72_STRP2
,ABJ53713.1,A0A0H2ZL78,A0A0H2ZL78_STRP2
,ABJ53723.1,A0A0H2ZL87,A0A0H2ZL87_STRP2
,ABJ53729.1,A0A0H2ZL92,A0A0H2ZL92_STRP2
,ABJ53735.1,A0A0H2ZL95,A0A0H2ZL95_STRP2
,ABJ53744.1,A0A0H2ZLA0,A0A0H2ZLA0_STRP2
,ABJ53609.1,A0A0H2ZLA1,A0A0H2ZLA1_STRP2
,ABJ53614.1,A0A0H2ZLA6,A0A0H2ZLA6_STRP2
,ABJ53754.1,A0A0H2ZLA9,A0A0H2ZLA9_STRP2
,ABJ53620.1,A0A0H2ZLB1,A0A0H2ZLB1_STRP2
,ABJ53762.1,A0A0H2ZLB2,A0A0H2ZLB2_STRP2
,ABJ53767.1,A0A0H2ZLB6,A0A0H2ZLB6_STRP2
,ABJ53626.1,A0A0H2ZLB7,A0A0H2ZLB7_STRP2
,ABJ53772.1,A0A0H2ZLC1,A0A0H2ZLC1_STRP2
,ABJ53632.1,A0A0H2ZLC3,A0A0H2ZLC3_STRP2
,ABJ53777.1,A0A0H2ZLC6,A0A0H2ZLC6_STRP2
,ABJ53638.1,A0A0H2ZLC9,A0A0H2ZLC9_STRP2
,ABJ53783.1,A0A0H2ZLD0,A0A0H2ZLD0_STRP2
,ABJ53645.1,A0A0H2ZLD4,A0A0H2ZLD4_STRP2
,ABJ53788.1,A0A0H2ZLD5,A0A0H2ZLD5_STRP2
,ABJ53794.1,A0A0H2ZLD8,A0A0H2ZLD8_STRP2
,ABJ53799.1,A0A0H2ZLE3,A0A0H2ZLE3_STRP2
,ABJ53658.1,A0A0H2ZLE5,A0A0H2ZLE5_STRP2
,ABJ53804.1,A0A0H2ZLE7,A0A0H2ZLE7_STRP2
,ABJ53812.1,A0A0H2ZLF1,A0A0H2ZLF1_STRP2
,ABJ53817.1,A0A0H2ZLF3,A0A0H2ZLF3_STRP2
,ABJ53823.1,A0A0H2ZLF6,A0A0H2ZLF6_STRP2
,ABJ53828.1,A0A0H2ZLG0,A0A0H2ZLG0_STRP2
,ABJ53834.1,A0A0H2ZLG3,A0A0H2ZLG3_STRP2
,ABJ53839.1,A0A0H2ZLG6,A0A0H2ZLG6_STRP2
,ABJ53844.1,A0A0H2ZLH0,A0A0H2ZLH0_STRP2
,ABJ53665.1,A0A0H2ZLH1,A0A0H2ZLH1_STRP2
,ABJ53851.1,A0A0H2ZLH4,A0A0H2ZLH4_STRP2
,ABJ53857.1,A0A0H2ZLH7,A0A0H2ZLH7_STRP2
,ABJ53676.1,A0A0H2ZLI1,A0A0H2ZLI1_STRP2
,ABJ53683.1,A0A0H2ZLI6,A0A0H2ZLI6_STRP2
,ABJ53869.1,A0A0H2ZLI7,A0A0H2ZLI7_STRP2
,ABJ53874.1,A0A0H2ZLJ0,A0A0H2ZLJ0_STRP2
,ABJ53881.1,A0A0H2ZLJ5,A0A0H2ZLJ5_STRP2
,ABJ53700.1,A0A0H2ZLJ9,A0A0H2ZLJ9_STRP2
,ABJ53707.1,A0A0H2ZLK3,A0A0H2ZLK3_STRP2
,ABJ53891.1,A0A0H2ZLK5,A0A0H2ZLK5_STRP2
,ABJ53712.1,A0A0H2ZLK6,A0A0H2ZLK6_STRP2
,ABJ53717.1,A0A0H2ZLL1,A0A0H2ZLL1_STRP2
,ABJ53902.1,A0A0H2ZLL4,A0A0H2ZLL4_STRP2
,ABJ53908.1,A0A0H2ZLL9,A0A0H2ZLL9_STRP2
,ABJ53734.1,A0A0H2ZLM0,A0A0H2ZLM0_STRP2
,ABJ53748.1,A0A0H2ZLM8,A0A0H2ZLM8_STRP2
,ABJ53925.1,A0A0H2ZLM9,A0A0H2ZLM9_STRP2
,ABJ53605.1,A0A0H2ZLN1,A0A0H2ZLN1_STRP2
,ABJ53753.1,A0A0H2ZLN3,A0A0H2ZLN3_STRP2
,ABJ53935.1,A0A0H2ZLN4,A0A0H2ZLN4_STRP2
,ABJ53612.1,A0A0H2ZLN5,A0A0H2ZLN5_STRP2
,ABJ53761.1,A0A0H2ZLN7,A0A0H2ZLN7_STRP2
,ABJ53618.1,A0A0H2ZLP0,A0A0H2ZLP0_STRP2
,ABJ53766.1,A0A0H2ZLP2,A0A0H2ZLP2_STRP2
,ABJ53623.1,A0A0H2ZLP4,A0A0H2ZLP4_STRP2
,ABJ53771.1,A0A0H2ZLP7,A0A0H2ZLP7_STRP2
,ABJ53629.1,A0A0H2ZLP9,A0A0H2ZLP9_STRP2
,ABJ53776.1,A0A0H2ZLQ0,A0A0H2ZLQ0_STRP2
,ABJ53782.1,A0A0H2ZLQ5,A0A0H2ZLQ5_STRP2
,ABJ53960.1,A0A0H2ZLQ6,A0A0H2ZLQ6_STRP2
,ABJ53966.1,A0A0H2ZLQ9,A0A0H2ZLQ9_STRP2
,ABJ53641.1,A0A0H2ZLR0,A0A0H2ZLR0_STRP2
,ABJ53787.1,A0A0H2ZLR1,A0A0H2ZLR1_STRP2
,ABJ53793.1,A0A0H2ZLR3,A0A0H2ZLR3_STRP2
,ABJ53971.1,A0A0H2ZLR5,A0A0H2ZLR5_STRP2
,ABJ53648.1,A0A0H2ZLR6,A0A0H2ZLR6_STRP2
,ABJ53798.1,A0A0H2ZLR7,A0A0H2ZLR7_STRP2
,ABJ53655.1,A0A0H2ZLS0,A0A0H2ZLS0_STRP2
,ABJ53803.1,A0A0H2ZLS2,A0A0H2ZLS2_STRP2
,ABJ53983.1,A0A0H2ZLS3,A0A0H2ZLS3_STRP2
,ABJ53663.1,A0A0H2ZLS4,A0A0H2ZLS4_STRP2
,ABJ53809.1,A0A0H2ZLS5,A0A0H2ZLS5_STRP2
,ABJ53816.1,A0A0H2ZLS9,A0A0H2ZLS9_STRP2
,ABJ53994.1,A0A0H2ZLT1,A0A0H2ZLT1_STRP2
,ABJ53999.1,A0A0H2ZLT4,A0A0H2ZLT4_STRP2
,ABJ53827.1,A0A0H2ZLT5,A0A0H2ZLT5_STRP2
,ABJ54007.1,A0A0H2ZLT7,A0A0H2ZLT7_STRP2
,ABJ53833.1,A0A0H2ZLT8,A0A0H2ZLT8_STRP2
,ABJ53838.1,A0A0H2ZLU2,A0A0H2ZLU2_STRP2
,ABJ54018.1,A0A0H2ZLU6,A0A0H2ZLU6_STRP2
,ABJ53850.1,A0A0H2ZLU8,A0A0H2ZLU8_STRP2
,ABJ53855.1,A0A0H2ZLV2,A0A0H2ZLV2_STRP2
,ABJ54034.1,A0A0H2ZLV3,A0A0H2ZLV3_STRP2
,ABJ53668.1,A0A0H2ZLV5,A0A0H2ZLV5_STRP2
,ABJ53861.1,A0A0H2ZLV6,A0A0H2ZLV6_STRP2
,ABJ53674.1,A0A0H2ZLW0,A0A0H2ZLW0_STRP2
,ABJ53867.1,A0A0H2ZLW1,A0A0H2ZLW1_STRP2
,ABJ54044.1,A0A0H2ZLW2,A0A0H2ZLW2_STRP2
,ABJ53679.1,A0A0H2ZLW5,A0A0H2ZLW5_STRP2
,ABJ53873.1,A0A0H2ZLW6,A0A0H2ZLW6_STRP2
,ABJ54052.1,A0A0H2ZLW7,A0A0H2ZLW7_STRP2
,ABJ53686.1,A0A0H2ZLW8,A0A0H2ZLW8_STRP2
,ABJ54057.1,A0A0H2ZLW9,A0A0H2ZLW9_STRP2
,ABJ53885.1,A0A0H2ZLX5,A0A0H2ZLX5_STRP2
,ABJ53697.1,A0A0H2ZLX6,A0A0H2ZLX6_STRP2
,ABJ53890.1,A0A0H2ZLX9,A0A0H2ZLX9_STRP2
,ABJ53703.1,A0A0H2ZLY0,A0A0H2ZLY0_STRP2
,ABJ53895.1,A0A0H2ZLY2,A0A0H2ZLY2_STRP2
,ABJ54082.1,A0A0H2ZLY3,A0A0H2ZLY3_STRP2
,ABJ53710.1,A0A0H2ZLY4,A0A0H2ZLY4_STRP2
,ABJ53715.1,A0A0H2ZLY9,A0A0H2ZLY9_STRP2
,ABJ53907.1,A0A0H2ZLZ0,A0A0H2ZLZ0_STRP2
,ABJ54094.1,A0A0H2ZLZ1,A0A0H2ZLZ1_STRP2
,ABJ53720.1,A0A0H2ZLZ3,A0A0H2ZLZ3_STRP2
,ABJ53913.1,A0A0H2ZLZ5,A0A0H2ZLZ5_STRP2
,ABJ54100.1,A0A0H2ZLZ6,A0A0H2ZLZ6_STRP2
,ABJ53725.1,A0A0H2ZLZ7,A0A0H2ZLZ7_STRP2
,ABJ53924.1,A0A0H2ZLZ8,A0A0H2ZLZ8_STRP2
,ABJ53732.1,A0A0H2ZM01,A0A0H2ZM01_STRP2
,ABJ53930.1,A0A0H2ZM03,A0A0H2ZM03_STRP2
,ABJ53739.1,A0A0H2ZM04,A0A0H2ZM04_STRP2
,ABJ54112.1,A0A0H2ZM05,A0A0H2ZM05_STRP2
,ABJ53942.1,A0A0H2ZM06,A0A0H2ZM06_STRP2
,ABJ53746.1,A0A0H2ZM09,A0A0H2ZM09_STRP2
,ABJ54118.1,A0A0H2ZM10,A0A0H2ZM10_STRP2
,ABJ53953.1,A0A0H2ZM16,A0A0H2ZM16_STRP2
,ABJ53757.1,A0A0H2ZM17,A0A0H2ZM17_STRP2
,ABJ53611.1,A0A0H2ZM19,A0A0H2ZM19_STRP2
,ABJ53959.1,A0A0H2ZM21,A0A0H2ZM21_STRP2
,ABJ53764.1,A0A0H2ZM22,A0A0H2ZM22_STRP2
,ABJ53616.1,A0A0H2ZM23,A0A0H2ZM23_STRP2
,ABJ54135.1,A0A0H2ZM24,A0A0H2ZM24_STRP2
,ABJ53965.1,A0A0H2ZM26,A0A0H2ZM26_STRP2
,ABJ54140.1,A0A0H2ZM28,A0A0H2ZM28_STRP2
,ABJ53970.1,A0A0H2ZM29,A0A0H2ZM29_STRP2
,ABJ53774.1,A0A0H2ZM31,A0A0H2ZM31_STRP2
,ABJ54148.1,A0A0H2ZM33,A0A0H2ZM33_STRP2
,ABJ53975.1,A0A0H2ZM34,A0A0H2ZM34_STRP2
,ABJ53780.1,A0A0H2ZM35,A0A0H2ZM35_STRP2
,ABJ53628.1,A0A0H2ZM36,A0A0H2ZM36_STRP2
,ABJ54155.1,A0A0H2ZM37,A0A0H2ZM37_STRP2
,ABJ53982.1,A0A0H2ZM38,A0A0H2ZM38_STRP2
,ABJ53785.1,A0A0H2ZM40,A0A0H2ZM40_STRP2
,ABJ53988.1,A0A0H2ZM41,A0A0H2ZM41_STRP2
,ABJ54162.1,A0A0H2ZM42,A0A0H2ZM42_STRP2
,ABJ53790.1,A0A0H2ZM43,A0A0H2ZM43_STRP2
,ABJ53635.1,A0A0H2ZM44,A0A0H2ZM44_STRP2
,ABJ53993.1,A0A0H2ZM45,A0A0H2ZM45_STRP2
,ABJ54169.1,A0A0H2ZM46,A0A0H2ZM46_STRP2
,ABJ53796.1,A0A0H2ZM48,A0A0H2ZM48_STRP2
,ABJ53998.1,A0A0H2ZM49,A0A0H2ZM49_STRP2
,ABJ53801.1,A0A0H2ZM50,A0A0H2ZM50_STRP2
,ABJ53640.1,A0A0H2ZM52,A0A0H2ZM52_STRP2
,ABJ54006.1,A0A0H2ZM54,A0A0H2ZM54_STRP2
,ABJ53807.1,A0A0H2ZM55,A0A0H2ZM55_STRP2
,ABJ54011.1,A0A0H2ZM57,A0A0H2ZM57_STRP2
,ABJ53814.1,A0A0H2ZM58,A0A0H2ZM58_STRP2
,ABJ53647.1,A0A0H2ZM59,A0A0H2ZM59_STRP2
,ABJ54190.1,A0A0H2ZM61,A0A0H2ZM61_STRP2
,ABJ53819.1,A0A0H2ZM63,A0A0H2ZM63_STRP2
,ABJ54195.1,A0A0H2ZM64,A0A0H2ZM64_STRP2
,ABJ54023.1,A0A0H2ZM65,A0A0H2ZM65_STRP2
,ABJ53831.1,A0A0H2ZM71,A0A0H2ZM71_STRP2
,ABJ54038.1,A0A0H2ZM72,A0A0H2ZM72_STRP2
,ABJ53661.1,A0A0H2ZM73,A0A0H2ZM73_STRP2
,ABJ54206.1,A0A0H2ZM76,A0A0H2ZM76_STRP2
,ABJ53841.1,A0A0H2ZM77,A0A0H2ZM77_STRP2
,ABJ54043.1,A0A0H2ZM78,A0A0H2ZM78_STRP2
,ABJ54212.1,A0A0H2ZM80,A0A0H2ZM80_STRP2
,ABJ53848.1,A0A0H2ZM81,A0A0H2ZM81_STRP2
,ABJ54217.1,A0A0H2ZM83,A0A0H2ZM83_STRP2
,ABJ53853.1,A0A0H2ZM85,A0A0H2ZM85_STRP2
,ABJ54223.1,A0A0H2ZM87,A0A0H2ZM87_STRP2
,ABJ53859.1,A0A0H2ZM88,A0A0H2ZM88_STRP2
,ABJ54067.1,A0A0H2ZM90,A0A0H2ZM90_STRP2
,ABJ54229.1,A0A0H2ZM91,A0A0H2ZM91_STRP2
,ABJ53865.1,A0A0H2ZM92,A0A0H2ZM92_STRP2
,ABJ54074.1,A0A0H2ZM93,A0A0H2ZM93_STRP2
,ABJ53613.1,A0A0H2ZM94,A0A0H2ZM94_STRP2
,ABJ54234.1,A0A0H2ZM96,A0A0H2ZM96_STRP2
,ABJ53619.1,A0A0H2ZMA0,A0A0H2ZMA0_STRP2
,ABJ54087.1,A0A0H2ZMA1,A0A0H2ZMA1_STRP2
,ABJ54247.1,A0A0H2ZMA3,A0A0H2ZMA3_STRP2
,ABJ53625.1,A0A0H2ZMA4,A0A0H2ZMA4_STRP2
,ABJ54093.1,A0A0H2ZMA5,A0A0H2ZMA5_STRP2
,ABJ53888.1,A0A0H2ZMA6,A0A0H2ZMA6_STRP2
,ABJ54252.1,A0A0H2ZMA7,A0A0H2ZMA7_STRP2
,ABJ54099.1,A0A0H2ZMA8,A0A0H2ZMA8_STRP2
,ABJ53673.1,A0A0H2ZMB5,A0A0H2ZMB5_STRP2
,ABJ53637.1,A0A0H2ZMB6,A0A0H2ZMB6_STRP2
,ABJ54111.1,A0A0H2ZMB7,A0A0H2ZMB7_STRP2
,ABJ53904.1,A0A0H2ZMB8,A0A0H2ZMB8_STRP2
,ABJ54117.1,A0A0H2ZMC1,A0A0H2ZMC1_STRP2
,ABJ53911.1,A0A0H2ZMC2,A0A0H2ZMC2_STRP2
,ABJ53643.1,A0A0H2ZMC3,A0A0H2ZMC3_STRP2
,ABJ54122.1,A0A0H2ZMC7,A0A0H2ZMC7_STRP2
,ABJ53650.1,A0A0H2ZMC8,A0A0H2ZMC8_STRP2
,ABJ53691.1,A0A0H2ZMC9,A0A0H2ZMC9_STRP2
,ABJ54129.1,A0A0H2ZMD0,A0A0H2ZMD0_STRP2
,ABJ53657.1,A0A0H2ZMD2,A0A0H2ZMD2_STRP2
,ABJ53696.1,A0A0H2ZMD3,A0A0H2ZMD3_STRP2
,ABJ54134.1,A0A0H2ZMD4,A0A0H2ZMD4_STRP2
,ABJ53938.1,A0A0H2ZMD5,A0A0H2ZMD5_STRP2
,ABJ54139.1,A0A0H2ZMD6,A0A0H2ZMD6_STRP2
,ABJ53702.1,A0A0H2ZMD8,A0A0H2ZMD8_STRP2
,ABJ54147.1,A0A0H2ZMD9,A0A0H2ZMD9_STRP2
,ABJ53709.1,A0A0H2ZME1,A0A0H2ZME1_STRP2
,ABJ54154.1,A0A0H2ZME2,A0A0H2ZME2_STRP2
,ABJ53956.1,A0A0H2ZME4,A0A0H2ZME4_STRP2
,ABJ53963.1,A0A0H2ZME5,A0A0H2ZME5_STRP2
,ABJ54160.1,A0A0H2ZME6,A0A0H2ZME6_STRP2
,ABJ53719.1,A0A0H2ZME7,A0A0H2ZME7_STRP2
,ABJ54277.1,A0A0H2ZME8,A0A0H2ZME8_STRP2
,ABJ53968.1,A0A0H2ZME9,A0A0H2ZME9_STRP2
,ABJ54282.1,A0A0H2ZMF1,A0A0H2ZMF1_STRP2
,ABJ53724.1,A0A0H2ZMF2,A0A0H2ZMF2_STRP2
,ABJ53973.1,A0A0H2ZMF3,A0A0H2ZMF3_STRP2
,ABJ54176.1,A0A0H2ZMF4,A0A0H2ZMF4_STRP2
,ABJ54288.1,A0A0H2ZMF5,A0A0H2ZMF5_STRP2
,ABJ53731.1,A0A0H2ZMF6,A0A0H2ZMF6_STRP2
,ABJ53979.1,A0A0H2ZMF7,A0A0H2ZMF7_STRP2
,ABJ54181.1,A0A0H2ZMF8,A0A0H2ZMF8_STRP2
,ABJ53736.1,A0A0H2ZMG0,A0A0H2ZMG0_STRP2
,ABJ53986.1,A0A0H2ZMG1,A0A0H2ZMG1_STRP2
,ABJ54188.1,A0A0H2ZMG2,A0A0H2ZMG2_STRP2
,ABJ54302.1,A0A0H2ZMG3,A0A0H2ZMG3_STRP2
,ABJ53745.1,A0A0H2ZMG4,A0A0H2ZMG4_STRP2
,ABJ53991.1,A0A0H2ZMG5,A0A0H2ZMG5_STRP2
,ABJ53750.1,A0A0H2ZMG6,A0A0H2ZMG6_STRP2
,ABJ54194.1,A0A0H2ZMG7,A0A0H2ZMG7_STRP2
,ABJ54308.1,A0A0H2ZMG8,A0A0H2ZMG8_STRP2
,ABJ53664.1,A0A0H2ZMG9,A0A0H2ZMG9_STRP2
,ABJ53755.1,A0A0H2ZMH2,A0A0H2ZMH2_STRP2
,ABJ54199.1,A0A0H2ZMH3,A0A0H2ZMH3_STRP2
,ABJ53669.1,A0A0H2ZMH4,A0A0H2ZMH4_STRP2
,ABJ54319.1,A0A0H2ZMH5,A0A0H2ZMH5_STRP2
,ABJ54003.1,A0A0H2ZMH7,A0A0H2ZMH7_STRP2
,ABJ54205.1,A0A0H2ZMH8,A0A0H2ZMH8_STRP2
,ABJ53675.1,A0A0H2ZMH9,A0A0H2ZMH9_STRP2
,ABJ54326.1,A0A0H2ZMI0,A0A0H2ZMI0_STRP2
,ABJ53768.1,A0A0H2ZMI1,A0A0H2ZMI1_STRP2
,ABJ54009.1,A0A0H2ZMI2,A0A0H2ZMI2_STRP2
,ABJ54210.1,A0A0H2ZMI3,A0A0H2ZMI3_STRP2
,ABJ53682.1,A0A0H2ZMI4,A0A0H2ZMI4_STRP2
,ABJ54015.1,A0A0H2ZMI6,A0A0H2ZMI6_STRP2
,ABJ53773.1,A0A0H2ZMI7,A0A0H2ZMI7_STRP2
,ABJ53687.1,A0A0H2ZMI9,A0A0H2ZMI9_STRP2
,ABJ54339.1,A0A0H2ZMJ0,A0A0H2ZMJ0_STRP2
,ABJ53779.1,A0A0H2ZMJ2,A0A0H2ZMJ2_STRP2
,ABJ53693.1,A0A0H2ZMJ3,A0A0H2ZMJ3_STRP2
,ABJ53784.1,A0A0H2ZMJ6,A0A0H2ZMJ6_STRP2
,ABJ53699.1,A0A0H2ZMJ7,A0A0H2ZMJ7_STRP2
,ABJ54029.1,A0A0H2ZMJ8,A0A0H2ZMJ8_STRP2
,ABJ54227.1,A0A0H2ZMJ9,A0A0H2ZMJ9_STRP2
,ABJ53789.1,A0A0H2ZMK0,A0A0H2ZMK0_STRP2
,ABJ53705.1,A0A0H2ZMK2,A0A0H2ZMK2_STRP2
,ABJ54036.1,A0A0H2ZMK3,A0A0H2ZMK3_STRP2
,ABJ53711.1,A0A0H2ZMK4,A0A0H2ZMK4_STRP2
,ABJ53795.1,A0A0H2ZMK5,A0A0H2ZMK5_STRP2
,ABJ54233.1,A0A0H2ZMK6,A0A0H2ZMK6_STRP2
,ABJ54041.1,A0A0H2ZMK7,A0A0H2ZMK7_STRP2
,ABJ54362.1,A0A0H2ZMK8,A0A0H2ZMK8_STRP2
,ABJ53800.1,A0A0H2ZML0,A0A0H2ZML0_STRP2
,ABJ54047.1,A0A0H2ZML2,A0A0H2ZML2_STRP2
,ABJ54367.1,A0A0H2ZML3,A0A0H2ZML3_STRP2
,ABJ53805.1,A0A0H2ZML4,A0A0H2ZML4_STRP2
,ABJ53721.1,A0A0H2ZML5,A0A0H2ZML5_STRP2
,ABJ54054.1,A0A0H2ZML7,A0A0H2ZML7_STRP2
,ABJ54373.1,A0A0H2ZML8,A0A0H2ZML8_STRP2
,ABJ53813.1,A0A0H2ZML9,A0A0H2ZML9_STRP2
,ABJ53726.1,A0A0H2ZMM0,A0A0H2ZMM0_STRP2
,ABJ54062.1,A0A0H2ZMM1,A0A0H2ZMM1_STRP2
,ABJ54251.1,A0A0H2ZMM2,A0A0H2ZMM2_STRP2
,ABJ54379.1,A0A0H2ZMM3,A0A0H2ZMM3_STRP2
,ABJ53818.1,A0A0H2ZMM4,A0A0H2ZMM4_STRP2
,ABJ54384.1,A0A0H2ZMM7,A0A0H2ZMM7_STRP2
,ABJ53741.1,A0A0H2ZMM9,A0A0H2ZMM9_STRP2
,ABJ54256.1,A0A0H2ZMN0,A0A0H2ZMN0_STRP2
,ABJ54390.1,A0A0H2ZMN1,A0A0H2ZMN1_STRP2
,ABJ53747.1,A0A0H2ZMN2,A0A0H2ZMN2_STRP2
,ABJ53829.1,A0A0H2ZMN3,A0A0H2ZMN3_STRP2
,ABJ54262.1,A0A0H2ZMN5,A0A0H2ZMN5_STRP2
,ABJ54395.1,A0A0H2ZMN6,A0A0H2ZMN6_STRP2
,ABJ53835.1,A0A0H2ZMN7,A0A0H2ZMN7_STRP2
,ABJ53752.1,A0A0H2ZMN8,A0A0H2ZMN8_STRP2
,ABJ54271.1,A0A0H2ZMN9,A0A0H2ZMN9_STRP2
,ABJ54085.1,A0A0H2ZMP0,A0A0H2ZMP0_STRP2
,ABJ53758.1,A0A0H2ZMP3,A0A0H2ZMP3_STRP2
,ABJ54091.1,A0A0H2ZMP4,A0A0H2ZMP4_STRP2
,ABJ53845.1,A0A0H2ZMP5,A0A0H2ZMP5_STRP2
,ABJ54405.1,A0A0H2ZMP6,A0A0H2ZMP6_STRP2
,ABJ53765.1,A0A0H2ZMP7,A0A0H2ZMP7_STRP2
,ABJ53852.1,A0A0H2ZMP8,A0A0H2ZMP8_STRP2
,ABJ54097.1,A0A0H2ZMP9,A0A0H2ZMP9_STRP2
,ABJ54412.1,A0A0H2ZMQ0,A0A0H2ZMQ0_STRP2
,ABJ53770.1,A0A0H2ZMQ1,A0A0H2ZMQ1_STRP2
,ABJ54418.1,A0A0H2ZMQ3,A0A0H2ZMQ3_STRP2
,ABJ53775.1,A0A0H2ZMQ4,A0A0H2ZMQ4_STRP2
,ABJ54423.1,A0A0H2ZMQ5,A0A0H2ZMQ5_STRP2
,ABJ53781.1,A0A0H2ZMQ7,A0A0H2ZMQ7_STRP2
,ABJ54103.1,A0A0H2ZMQ8,A0A0H2ZMQ8_STRP2
,ABJ54428.1,A0A0H2ZMQ9,A0A0H2ZMQ9_STRP2
,ABJ53870.1,A0A0H2ZMR0,A0A0H2ZMR0_STRP2
,ABJ53786.1,A0A0H2ZMR1,A0A0H2ZMR1_STRP2
,ABJ54434.1,A0A0H2ZMR2,A0A0H2ZMR2_STRP2
,ABJ54109.1,A0A0H2ZMR3,A0A0H2ZMR3_STRP2
,ABJ53876.1,A0A0H2ZMR4,A0A0H2ZMR4_STRP2
,ABJ54440.1,A0A0H2ZMR6,A0A0H2ZMR6_STRP2
,ABJ53882.1,A0A0H2ZMR7,A0A0H2ZMR7_STRP2
,ABJ54276.1,A0A0H2ZMR8,A0A0H2ZMR8_STRP2
,ABJ53797.1,A0A0H2ZMR9,A0A0H2ZMR9_STRP2
,ABJ54445.1,A0A0H2ZMS0,A0A0H2ZMS0_STRP2
,ABJ54281.1,A0A0H2ZMS1,A0A0H2ZMS1_STRP2
,ABJ53887.1,A0A0H2ZMS2,A0A0H2ZMS2_STRP2
,ABJ53802.1,A0A0H2ZMS4,A0A0H2ZMS4_STRP2
,ABJ54451.1,A0A0H2ZMS5,A0A0H2ZMS5_STRP2
,ABJ53892.1,A0A0H2ZMS6,A0A0H2ZMS6_STRP2
,ABJ54287.1,A0A0H2ZMS7,A0A0H2ZMS7_STRP2
,ABJ54120.1,A0A0H2ZMT0,A0A0H2ZMT0_STRP2
,ABJ54292.1,A0A0H2ZMT1,A0A0H2ZMT1_STRP2
,ABJ53897.1,A0A0H2ZMT2,A0A0H2ZMT2_STRP2
,ABJ54125.1,A0A0H2ZMT6,A0A0H2ZMT6_STRP2
,ABJ53903.1,A0A0H2ZMT7,A0A0H2ZMT7_STRP2
,ABJ53820.1,A0A0H2ZMT9,A0A0H2ZMT9_STRP2
,ABJ54132.1,A0A0H2ZMU2,A0A0H2ZMU2_STRP2
,ABJ54474.1,A0A0H2ZMU3,A0A0H2ZMU3_STRP2
,ABJ53826.1,A0A0H2ZMU4,A0A0H2ZMU4_STRP2
,ABJ54312.1,A0A0H2ZMU5,A0A0H2ZMU5_STRP2
,ABJ54137.1,A0A0H2ZMU6,A0A0H2ZMU6_STRP2
,ABJ53916.1,A0A0H2ZMU7,A0A0H2ZMU7_STRP2
,ABJ54482.1,A0A0H2ZMU8,A0A0H2ZMU8_STRP2
,ABJ54318.1,A0A0H2ZMU9,A0A0H2ZMU9_STRP2
,ABJ53832.1,A0A0H2ZMV0,A0A0H2ZMV0_STRP2
,ABJ53926.1,A0A0H2ZMV1,A0A0H2ZMV1_STRP2
,ABJ54145.1,A0A0H2ZMV2,A0A0H2ZMV2_STRP2
,ABJ54324.1,A0A0H2ZMV3,A0A0H2ZMV3_STRP2
,ABJ53937.1,A0A0H2ZMV6,A0A0H2ZMV6_STRP2
,ABJ54150.1,A0A0H2ZMV7,A0A0H2ZMV7_STRP2
,ABJ54330.1,A0A0H2ZMV8,A0A0H2ZMV8_STRP2
,ABJ54496.1,A0A0H2ZMV9,A0A0H2ZMV9_STRP2
,ABJ53944.1,A0A0H2ZMW0,A0A0H2ZMW0_STRP2
,ABJ53842.1,A0A0H2ZMW1,A0A0H2ZMW1_STRP2
,ABJ54338.1,A0A0H2ZMW2,A0A0H2ZMW2_STRP2
,ABJ54158.1,A0A0H2ZMW3,A0A0H2ZMW3_STRP2
,ABJ53949.1,A0A0H2ZMW5,A0A0H2ZMW5_STRP2
,ABJ54506.1,A0A0H2ZMW8,A0A0H2ZMW8_STRP2
,ABJ54165.1,A0A0H2ZMW9,A0A0H2ZMW9_STRP2
,ABJ53955.1,A0A0H2ZMX0,A0A0H2ZMX0_STRP2
,ABJ53854.1,A0A0H2ZMX1,A0A0H2ZMX1_STRP2
,ABJ54354.1,A0A0H2ZMX2,A0A0H2ZMX2_STRP2
,ABJ53961.1,A0A0H2ZMX4,A0A0H2ZMX4_STRP2
,ABJ53860.1,A0A0H2ZMX5,A0A0H2ZMX5_STRP2
,ABJ54172.1,A0A0H2ZMX6,A0A0H2ZMX6_STRP2
,ABJ54361.1,A0A0H2ZMX7,A0A0H2ZMX7_STRP2
,ABJ54519.1,A0A0H2ZMX8,A0A0H2ZMX8_STRP2
,ABJ54366.1,A0A0H2ZMY2,A0A0H2ZMY2_STRP2
,ABJ53972.1,A0A0H2ZMY4,A0A0H2ZMY4_STRP2
,ABJ53872.1,A0A0H2ZMY5,A0A0H2ZMY5_STRP2
,ABJ54371.1,A0A0H2ZMY6,A0A0H2ZMY6_STRP2
,ABJ54184.1,A0A0H2ZMY7,A0A0H2ZMY7_STRP2
,ABJ53978.1,A0A0H2ZMY9,A0A0H2ZMY9_STRP2
,ABJ53878.1,A0A0H2ZMZ0,A0A0H2ZMZ0_STRP2
,ABJ54377.1,A0A0H2ZMZ1,A0A0H2ZMZ1_STRP2
,ABJ54538.1,A0A0H2ZMZ3,A0A0H2ZMZ3_STRP2
,ABJ53984.1,A0A0H2ZMZ4,A0A0H2ZMZ4_STRP2
,ABJ53884.1,A0A0H2ZMZ5,A0A0H2ZMZ5_STRP2
,ABJ54383.1,A0A0H2ZMZ6,A0A0H2ZMZ6_STRP2
,ABJ54389.1,A0A0H2ZMZ7,A0A0H2ZMZ7_STRP2
,ABJ54197.1,A0A0H2ZMZ8,A0A0H2ZMZ8_STRP2
,ABJ54543.1,A0A0H2ZMZ9,A0A0H2ZMZ9_STRP2
,ABJ53990.1,A0A0H2ZN00,A0A0H2ZN00_STRP2
,ABJ53889.1,A0A0H2ZN01,A0A0H2ZN01_STRP2
,ABJ54394.1,A0A0H2ZN02,A0A0H2ZN02_STRP2
,ABJ54549.1,A0A0H2ZN03,A0A0H2ZN03_STRP2
,ABJ53995.1,A0A0H2ZN04,A0A0H2ZN04_STRP2
,ABJ53894.1,A0A0H2ZN05,A0A0H2ZN05_STRP2
,ABJ54203.1,A0A0H2ZN06,A0A0H2ZN06_STRP2
,ABJ54555.1,A0A0H2ZN07,A0A0H2ZN07_STRP2
,ABJ54399.1,A0A0H2ZN09,A0A0H2ZN09_STRP2
,ABJ54002.1,A0A0H2ZN10,A0A0H2ZN10_STRP2
,ABJ54404.1,A0A0H2ZN12,A0A0H2ZN12_STRP2
,ABJ54560.1,A0A0H2ZN14,A0A0H2ZN14_STRP2
,ABJ54566.1,A0A0H2ZN17,A0A0H2ZN17_STRP2
,ABJ53912.1,A0A0H2ZN19,A0A0H2ZN19_STRP2
,ABJ54572.1,A0A0H2ZN21,A0A0H2ZN21_STRP2
,ABJ54219.1,A0A0H2ZN22,A0A0H2ZN22_STRP2
,ABJ54416.1,A0A0H2ZN23,A0A0H2ZN23_STRP2
,ABJ54019.1,A0A0H2ZN25,A0A0H2ZN25_STRP2
,ABJ54422.1,A0A0H2ZN26,A0A0H2ZN26_STRP2
,ABJ54225.1,A0A0H2ZN27,A0A0H2ZN27_STRP2
,ABJ54580.1,A0A0H2ZN28,A0A0H2ZN28_STRP2
,ABJ53928.1,A0A0H2ZN29,A0A0H2ZN29_STRP2
,ABJ54427.1,A0A0H2ZN31,A0A0H2ZN31_STRP2
,ABJ54585.1,A0A0H2ZN32,A0A0H2ZN32_STRP2
,ABJ54231.1,A0A0H2ZN33,A0A0H2ZN33_STRP2
,ABJ54035.1,A0A0H2ZN35,A0A0H2ZN35_STRP2
,ABJ54432.1,A0A0H2ZN36,A0A0H2ZN36_STRP2
,ABJ54591.1,A0A0H2ZN38,A0A0H2ZN38_STRP2
,ABJ54236.1,A0A0H2ZN39,A0A0H2ZN39_STRP2
,ABJ54040.1,A0A0H2ZN40,A0A0H2ZN40_STRP2
,ABJ54438.1,A0A0H2ZN41,A0A0H2ZN41_STRP2
,ABJ54243.1,A0A0H2ZN43,A0A0H2ZN43_STRP2
,ABJ54596.1,A0A0H2ZN44,A0A0H2ZN44_STRP2
,ABJ54444.1,A0A0H2ZN45,A0A0H2ZN45_STRP2
,ABJ54046.1,A0A0H2ZN46,A0A0H2ZN46_STRP2
,ABJ53958.1,A0A0H2ZN47,A0A0H2ZN47_STRP2
,ABJ54449.1,A0A0H2ZN48,A0A0H2ZN48_STRP2
,ABJ54249.1,A0A0H2ZN49,A0A0H2ZN49_STRP2
,ABJ53964.1,A0A0H2ZN52,A0A0H2ZN52_STRP2
,ABJ54059.1,A0A0H2ZN55,A0A0H2ZN55_STRP2
,ABJ54608.1,A0A0H2ZN56,A0A0H2ZN56_STRP2
,ABJ53969.1,A0A0H2ZN57,A0A0H2ZN57_STRP2
,ABJ54461.1,A0A0H2ZN58,A0A0H2ZN58_STRP2
,ABJ54613.1,A0A0H2ZN60,A0A0H2ZN60_STRP2
,ABJ54260.1,A0A0H2ZN61,A0A0H2ZN61_STRP2
,ABJ53974.1,A0A0H2ZN62,A0A0H2ZN62_STRP2
,ABJ54466.1,A0A0H2ZN63,A0A0H2ZN63_STRP2
,ABJ54618.1,A0A0H2ZN65,A0A0H2ZN65_STRP2
,ABJ53980.1,A0A0H2ZN66,A0A0H2ZN66_STRP2
,ABJ54473.1,A0A0H2ZN67,A0A0H2ZN67_STRP2
,ABJ54268.1,A0A0H2ZN68,A0A0H2ZN68_STRP2
,ABJ54625.1,A0A0H2ZN70,A0A0H2ZN70_STRP2
,ABJ54479.1,A0A0H2ZN71,A0A0H2ZN71_STRP2
,ABJ53987.1,A0A0H2ZN72,A0A0H2ZN72_STRP2
,ABJ54274.1,A0A0H2ZN73,A0A0H2ZN73_STRP2
,ABJ54487.1,A0A0H2ZN76,A0A0H2ZN76_STRP2
,ABJ54494.1,A0A0H2ZN78,A0A0H2ZN78_STRP2
,ABJ54096.1,A0A0H2ZN79,A0A0H2ZN79_STRP2
,ABJ53997.1,A0A0H2ZN80,A0A0H2ZN80_STRP2
,ABJ54500.1,A0A0H2ZN82,A0A0H2ZN82_STRP2
,ABJ54101.1,A0A0H2ZN83,A0A0H2ZN83_STRP2
,ABJ54005.1,A0A0H2ZN84,A0A0H2ZN84_STRP2
,ABJ54646.1,A0A0H2ZN85,A0A0H2ZN85_STRP2
,ABJ54505.1,A0A0H2ZN86,A0A0H2ZN86_STRP2
,ABJ54107.1,A0A0H2ZN87,A0A0H2ZN87_STRP2
,ABJ54651.1,A0A0H2ZN89,A0A0H2ZN89_STRP2
,ABJ54511.1,A0A0H2ZN90,A0A0H2ZN90_STRP2
,ABJ54113.1,A0A0H2ZN91,A0A0H2ZN91_STRP2
,ABJ54016.1,A0A0H2ZN92,A0A0H2ZN92_STRP2
,ABJ54657.1,A0A0H2ZN93,A0A0H2ZN93_STRP2
,ABJ54517.1,A0A0H2ZN94,A0A0H2ZN94_STRP2
,ABJ54119.1,A0A0H2ZN95,A0A0H2ZN95_STRP2
,ABJ54022.1,A0A0H2ZN96,A0A0H2ZN96_STRP2
,ABJ54662.1,A0A0H2ZN98,A0A0H2ZN98_STRP2
,ABJ54030.1,A0A0H2ZN99,A0A0H2ZN99_STRP2
,ABJ54124.1,A0A0H2ZNA0,A0A0H2ZNA0_STRP2
,ABJ54667.1,A0A0H2ZNA1,A0A0H2ZNA1_STRP2
,ABJ54531.1,A0A0H2ZNA2,A0A0H2ZNA2_STRP2
,ABJ54131.1,A0A0H2ZNA4,A0A0H2ZNA4_STRP2
,ABJ54279.1,A0A0H2ZNA5,A0A0H2ZNA5_STRP2
,ABJ54673.1,A0A0H2ZNA6,A0A0H2ZNA6_STRP2
,ABJ54537.1,A0A0H2ZNA7,A0A0H2ZNA7_STRP2
,ABJ54042.1,A0A0H2ZNA8,A0A0H2ZNA8_STRP2
,ABJ54285.1,A0A0H2ZNA9,A0A0H2ZNA9_STRP2
,ABJ54136.1,A0A0H2ZNB0,A0A0H2ZNB0_STRP2
,ABJ54679.1,A0A0H2ZNB1,A0A0H2ZNB1_STRP2
,ABJ54290.1,A0A0H2ZNB2,A0A0H2ZNB2_STRP2
,ABJ54542.1,A0A0H2ZNB3,A0A0H2ZNB3_STRP2
,ABJ54049.1,A0A0H2ZNB4,A0A0H2ZNB4_STRP2
,ABJ54144.1,A0A0H2ZNB5,A0A0H2ZNB5_STRP2
,ABJ54548.1,A0A0H2ZNB7,A0A0H2ZNB7_STRP2
,ABJ54684.1,A0A0H2ZNB8,A0A0H2ZNB8_STRP2
,ABJ54055.1,A0A0H2ZNB9,A0A0H2ZNB9_STRP2
,ABJ54305.1,A0A0H2ZNC1,A0A0H2ZNC1_STRP2
,ABJ54554.1,A0A0H2ZNC2,A0A0H2ZNC2_STRP2
,ABJ54689.1,A0A0H2ZNC3,A0A0H2ZNC3_STRP2
,ABJ54066.1,A0A0H2ZNC4,A0A0H2ZNC4_STRP2
,ABJ54310.1,A0A0H2ZNC6,A0A0H2ZNC6_STRP2
,ABJ54559.1,A0A0H2ZNC7,A0A0H2ZNC7_STRP2
,ABJ54697.1,A0A0H2ZNC8,A0A0H2ZNC8_STRP2
,ABJ54565.1,A0A0H2ZND0,A0A0H2ZND0_STRP2
,ABJ54316.1,A0A0H2ZND1,A0A0H2ZND1_STRP2
,ABJ54702.1,A0A0H2ZND2,A0A0H2ZND2_STRP2
,ABJ54163.1,A0A0H2ZND3,A0A0H2ZND3_STRP2
,ABJ54078.1,A0A0H2ZND4,A0A0H2ZND4_STRP2
,ABJ54570.1,A0A0H2ZND5,A0A0H2ZND5_STRP2
,ABJ54322.1,A0A0H2ZND6,A0A0H2ZND6_STRP2
,ABJ54170.1,A0A0H2ZND7,A0A0H2ZND7_STRP2
,ABJ54707.1,A0A0H2ZND8,A0A0H2ZND8_STRP2
,ABJ54086.1,A0A0H2ZND9,A0A0H2ZND9_STRP2
,ABJ54328.1,A0A0H2ZNE1,A0A0H2ZNE1_STRP2
,ABJ54178.1,A0A0H2ZNE2,A0A0H2ZNE2_STRP2
,ABJ54712.1,A0A0H2ZNE3,A0A0H2ZNE3_STRP2
,ABJ54092.1,A0A0H2ZNE4,A0A0H2ZNE4_STRP2
,ABJ54584.1,A0A0H2ZNE5,A0A0H2ZNE5_STRP2
,ABJ54334.1,A0A0H2ZNE6,A0A0H2ZNE6_STRP2
,ABJ54717.1,A0A0H2ZNE8,A0A0H2ZNE8_STRP2
,ABJ54590.1,A0A0H2ZNF0,A0A0H2ZNF0_STRP2
,ABJ54342.1,A0A0H2ZNF1,A0A0H2ZNF1_STRP2
,ABJ54723.1,A0A0H2ZNF2,A0A0H2ZNF2_STRP2
,ABJ54191.1,A0A0H2ZNF3,A0A0H2ZNF3_STRP2
,ABJ54104.1,A0A0H2ZNF4,A0A0H2ZNF4_STRP2
,ABJ54350.1,A0A0H2ZNF5,A0A0H2ZNF5_STRP2
,ABJ54196.1,A0A0H2ZNF8,A0A0H2ZNF8_STRP2
,ABJ54357.1,A0A0H2ZNG0,A0A0H2ZNG0_STRP2
,ABJ54600.1,A0A0H2ZNG1,A0A0H2ZNG1_STRP2
,ABJ54116.1,A0A0H2ZNG2,A0A0H2ZNG2_STRP2
,ABJ54364.1,A0A0H2ZNG4,A0A0H2ZNG4_STRP2
,ABJ54121.1,A0A0H2ZNG7,A0A0H2ZNG7_STRP2
,ABJ54740.1,A0A0H2ZNG9,A0A0H2ZNG9_STRP2
,ABJ54207.1,A0A0H2ZNH0,A0A0H2ZNH0_STRP2
,ABJ54612.1,A0A0H2ZNH1,A0A0H2ZNH1_STRP2
,ABJ54748.1,A0A0H2ZNH2,A0A0H2ZNH2_STRP2
,ABJ54128.1,A0A0H2ZNH3,A0A0H2ZNH3_STRP2
,ABJ54213.1,A0A0H2ZNH4,A0A0H2ZNH4_STRP2
,ABJ54375.1,A0A0H2ZNH5,A0A0H2ZNH5_STRP2
,ABJ54617.1,A0A0H2ZNH6,A0A0H2ZNH6_STRP2
,ABJ54133.1,A0A0H2ZNH7,A0A0H2ZNH7_STRP2
,ABJ54381.1,A0A0H2ZNI0,A0A0H2ZNI0_STRP2
,ABJ54624.1,A0A0H2ZNI1,A0A0H2ZNI1_STRP2
,ABJ54138.1,A0A0H2ZNI2,A0A0H2ZNI2_STRP2
,ABJ54760.1,A0A0H2ZNI5,A0A0H2ZNI5_STRP2
,ABJ54392.1,A0A0H2ZNI7,A0A0H2ZNI7_STRP2
,ABJ54146.1,A0A0H2ZNI8,A0A0H2ZNI8_STRP2
,ABJ54230.1,A0A0H2ZNI9,A0A0H2ZNI9_STRP2
,ABJ54765.1,A0A0H2ZNJ0,A0A0H2ZNJ0_STRP2
,ABJ54637.1,A0A0H2ZNJ2,A0A0H2ZNJ2_STRP2
,ABJ54152.1,A0A0H2ZNJ3,A0A0H2ZNJ3_STRP2
,ABJ54235.1,A0A0H2ZNJ4,A0A0H2ZNJ4_STRP2
,ABJ54774.1,A0A0H2ZNJ5,A0A0H2ZNJ5_STRP2
,ABJ54402.1,A0A0H2ZNJ6,A0A0H2ZNJ6_STRP2
,ABJ54643.1,A0A0H2ZNJ7,A0A0H2ZNJ7_STRP2
,ABJ54159.1,A0A0H2ZNJ8,A0A0H2ZNJ8_STRP2
,ABJ54242.1,A0A0H2ZNJ9,A0A0H2ZNJ9_STRP2
,ABJ54780.1,A0A0H2ZNK0,A0A0H2ZNK0_STRP2
,ABJ54409.1,A0A0H2ZNK1,A0A0H2ZNK1_STRP2
,ABJ54650.1,A0A0H2ZNK2,A0A0H2ZNK2_STRP2
,ABJ54166.1,A0A0H2ZNK3,A0A0H2ZNK3_STRP2
,ABJ54248.1,A0A0H2ZNK4,A0A0H2ZNK4_STRP2
,ABJ54787.1,A0A0H2ZNK5,A0A0H2ZNK5_STRP2
,ABJ54414.1,A0A0H2ZNK6,A0A0H2ZNK6_STRP2
,ABJ54655.1,A0A0H2ZNK7,A0A0H2ZNK7_STRP2
,ABJ54174.1,A0A0H2ZNK8,A0A0H2ZNK8_STRP2
,ABJ54253.1,A0A0H2ZNK9,A0A0H2ZNK9_STRP2
,ABJ54792.1,A0A0H2ZNL0,A0A0H2ZNL0_STRP2
,ABJ54661.1,A0A0H2ZNL1,A0A0H2ZNL1_STRP2
,ABJ54799.1,A0A0H2ZNL6,A0A0H2ZNL6_STRP2
,ABJ54187.1,A0A0H2ZNL8,A0A0H2ZNL8_STRP2
,ABJ54672.1,A0A0H2ZNL9,A0A0H2ZNL9_STRP2
,ABJ54266.1,A0A0H2ZNM0,A0A0H2ZNM0_STRP2
,ABJ54804.1,A0A0H2ZNM1,A0A0H2ZNM1_STRP2
,ABJ54430.1,A0A0H2ZNM2,A0A0H2ZNM2_STRP2
,ABJ54677.1,A0A0H2ZNM3,A0A0H2ZNM3_STRP2
,ABJ54193.1,A0A0H2ZNM4,A0A0H2ZNM4_STRP2
,ABJ54809.1,A0A0H2ZNM6,A0A0H2ZNM6_STRP2
,ABJ54683.1,A0A0H2ZNM8,A0A0H2ZNM8_STRP2
,ABJ54198.1,A0A0H2ZNM9,A0A0H2ZNM9_STRP2
,ABJ54442.1,A0A0H2ZNN2,A0A0H2ZNN2_STRP2
,ABJ54204.1,A0A0H2ZNN3,A0A0H2ZNN3_STRP2
,ABJ54819.1,A0A0H2ZNN4,A0A0H2ZNN4_STRP2
,ABJ54696.1,A0A0H2ZNN5,A0A0H2ZNN5_STRP2
,ABJ54209.1,A0A0H2ZNN7,A0A0H2ZNN7_STRP2
,ABJ54701.1,A0A0H2ZNN8,A0A0H2ZNN8_STRP2
,ABJ54826.1,A0A0H2ZNN9,A0A0H2ZNN9_STRP2
,ABJ54453.1,A0A0H2ZNP0,A0A0H2ZNP0_STRP2
,ABJ54215.1,A0A0H2ZNP1,A0A0H2ZNP1_STRP2
,ABJ54706.1,A0A0H2ZNP2,A0A0H2ZNP2_STRP2
,ABJ54711.1,A0A0H2ZNP6,A0A0H2ZNP6_STRP2
,ABJ54464.1,A0A0H2ZNP7,A0A0H2ZNP7_STRP2
,ABJ54838.1,A0A0H2ZNP8,A0A0H2ZNP8_STRP2
,ABJ54845.1,A0A0H2ZNQ2,A0A0H2ZNQ2_STRP2
,ABJ54722.1,A0A0H2ZNQ4,A0A0H2ZNQ4_STRP2
,ABJ54284.1,A0A0H2ZNQ7,A0A0H2ZNQ7_STRP2
,ABJ54727.1,A0A0H2ZNQ9,A0A0H2ZNQ9_STRP2
,ABJ54289.1,A0A0H2ZNR0,A0A0H2ZNR0_STRP2
,ABJ54484.1,A0A0H2ZNR1,A0A0H2ZNR1_STRP2
,ABJ54855.1,A0A0H2ZNR3,A0A0H2ZNR3_STRP2
,ABJ54297.1,A0A0H2ZNR5,A0A0H2ZNR5_STRP2
,ABJ54491.1,A0A0H2ZNR6,A0A0H2ZNR6_STRP2
,ABJ54245.1,A0A0H2ZNR7,A0A0H2ZNR7_STRP2
,ABJ54862.1,A0A0H2ZNR8,A0A0H2ZNR8_STRP2
,ABJ54304.1,A0A0H2ZNR9,A0A0H2ZNR9_STRP2
,ABJ54498.1,A0A0H2ZNS1,A0A0H2ZNS1_STRP2
,ABJ54250.1,A0A0H2ZNS2,A0A0H2ZNS2_STRP2
,ABJ54867.1,A0A0H2ZNS4,A0A0H2ZNS4_STRP2
,ABJ54503.1,A0A0H2ZNS5,A0A0H2ZNS5_STRP2
,ABJ54747.1,A0A0H2ZNS6,A0A0H2ZNS6_STRP2
,ABJ54315.1,A0A0H2ZNS7,A0A0H2ZNS7_STRP2
,ABJ54255.1,A0A0H2ZNS8,A0A0H2ZNS8_STRP2
,ABJ54509.1,A0A0H2ZNS9,A0A0H2ZNS9_STRP2
,ABJ54321.1,A0A0H2ZNT0,A0A0H2ZNT0_STRP2
,ABJ54515.1,A0A0H2ZNT3,A0A0H2ZNT3_STRP2
,ABJ54327.1,A0A0H2ZNT4,A0A0H2ZNT4_STRP2
,ABJ54759.1,A0A0H2ZNT5,A0A0H2ZNT5_STRP2
,ABJ54333.1,A0A0H2ZNT7,A0A0H2ZNT7_STRP2
,ABJ54521.1,A0A0H2ZNT8,A0A0H2ZNT8_STRP2
,ABJ54764.1,A0A0H2ZNT9,A0A0H2ZNT9_STRP2
,ABJ54340.1,A0A0H2ZNU0,A0A0H2ZNU0_STRP2
,ABJ54348.1,A0A0H2ZNU2,A0A0H2ZNU2_STRP2
,ABJ54363.1,A0A0H2ZNU8,A0A0H2ZNU8_STRP2
,ABJ54872.1,A0A0H2ZNU9,A0A0H2ZNU9_STRP2
,ABJ54368.1,A0A0H2ZNV0,A0A0H2ZNV0_STRP2
,ABJ54546.1,A0A0H2ZNV1,A0A0H2ZNV1_STRP2
,ABJ54785.1,A0A0H2ZNV2,A0A0H2ZNV2_STRP2
,ABJ54878.1,A0A0H2ZNV3,A0A0H2ZNV3_STRP2
,ABJ54551.1,A0A0H2ZNV4,A0A0H2ZNV4_STRP2
,ABJ54374.1,A0A0H2ZNV5,A0A0H2ZNV5_STRP2
,ABJ54791.1,A0A0H2ZNV6,A0A0H2ZNV6_STRP2
,ABJ54557.1,A0A0H2ZNV9,A0A0H2ZNV9_STRP2
,ABJ54275.1,A0A0H2ZNW1,A0A0H2ZNW1_STRP2
,ABJ54385.1,A0A0H2ZNW2,A0A0H2ZNW2_STRP2
,ABJ54890.1,A0A0H2ZNW3,A0A0H2ZNW3_STRP2
,ABJ54803.1,A0A0H2ZNW4,A0A0H2ZNW4_STRP2
,ABJ54563.1,A0A0H2ZNW5,A0A0H2ZNW5_STRP2
,ABJ54391.1,A0A0H2ZNW6,A0A0H2ZNW6_STRP2
,ABJ54280.1,A0A0H2ZNW7,A0A0H2ZNW7_STRP2
,ABJ54896.1,A0A0H2ZNW8,A0A0H2ZNW8_STRP2
,ABJ54808.1,A0A0H2ZNX0,A0A0H2ZNX0_STRP2
,ABJ54286.1,A0A0H2ZNX1,A0A0H2ZNX1_STRP2
,ABJ54396.1,A0A0H2ZNX2,A0A0H2ZNX2_STRP2
,ABJ54901.1,A0A0H2ZNX3,A0A0H2ZNX3_STRP2
,ABJ54291.1,A0A0H2ZNX5,A0A0H2ZNX5_STRP2
,ABJ54574.1,A0A0H2ZNX6,A0A0H2ZNX6_STRP2
,ABJ54401.1,A0A0H2ZNX7,A0A0H2ZNX7_STRP2
,ABJ54909.1,A0A0H2ZNX8,A0A0H2ZNX8_STRP2
,ABJ54299.1,A0A0H2ZNX9,A0A0H2ZNX9_STRP2
,ABJ54582.1,A0A0H2ZNY0,A0A0H2ZNY0_STRP2
,ABJ54407.1,A0A0H2ZNY1,A0A0H2ZNY1_STRP2
,ABJ54818.1,A0A0H2ZNY2,A0A0H2ZNY2_STRP2
,ABJ54914.1,A0A0H2ZNY3,A0A0H2ZNY3_STRP2
,ABJ54587.1,A0A0H2ZNY6,A0A0H2ZNY6_STRP2
,ABJ54825.1,A0A0H2ZNY7,A0A0H2ZNY7_STRP2
,ABJ54922.1,A0A0H2ZNY8,A0A0H2ZNY8_STRP2
,ABJ54311.1,A0A0H2ZNY9,A0A0H2ZNY9_STRP2
,ABJ54593.1,A0A0H2ZNZ0,A0A0H2ZNZ0_STRP2
,ABJ54419.1,A0A0H2ZNZ1,A0A0H2ZNZ1_STRP2
,ABJ54830.1,A0A0H2ZNZ2,A0A0H2ZNZ2_STRP2
,ABJ54930.1,A0A0H2ZNZ3,A0A0H2ZNZ3_STRP2
,ABJ54317.1,A0A0H2ZNZ4,A0A0H2ZNZ4_STRP2
,ABJ54598.1,A0A0H2ZNZ6,A0A0H2ZNZ6_STRP2
,ABJ54837.1,A0A0H2ZNZ8,A0A0H2ZNZ8_STRP2
,ABJ54323.1,A0A0H2ZNZ9,A0A0H2ZNZ9_STRP2
,ABJ54603.1,A0A0H2ZP00,A0A0H2ZP00_STRP2
,ABJ54429.1,A0A0H2ZP01,A0A0H2ZP01_STRP2
,ABJ54947.1,A0A0H2ZP02,A0A0H2ZP02_STRP2
,ABJ54844.1,A0A0H2ZP04,A0A0H2ZP04_STRP2
,ABJ54610.1,A0A0H2ZP05,A0A0H2ZP05_STRP2
,ABJ54952.1,A0A0H2ZP07,A0A0H2ZP07_STRP2
,ABJ54337.1,A0A0H2ZP08,A0A0H2ZP08_STRP2
,ABJ54615.1,A0A0H2ZP10,A0A0H2ZP10_STRP2
,ABJ54441.1,A0A0H2ZP11,A0A0H2ZP11_STRP2
,ABJ54960.1,A0A0H2ZP12,A0A0H2ZP12_STRP2
,ABJ54620.1,A0A0H2ZP14,A0A0H2ZP14_STRP2
,ABJ54446.1,A0A0H2ZP15,A0A0H2ZP15_STRP2
,ABJ54854.1,A0A0H2ZP16,A0A0H2ZP16_STRP2
,ABJ54352.1,A0A0H2ZP18,A0A0H2ZP18_STRP2
,ABJ54360.1,A0A0H2ZP19,A0A0H2ZP19_STRP2
,ABJ54629.1,A0A0H2ZP20,A0A0H2ZP20_STRP2
,ABJ54860.1,A0A0H2ZP23,A0A0H2ZP23_STRP2
,ABJ54365.1,A0A0H2ZP24,A0A0H2ZP24_STRP2
,ABJ54457.1,A0A0H2ZP26,A0A0H2ZP26_STRP2
,ABJ54866.1,A0A0H2ZP28,A0A0H2ZP28_STRP2
,ABJ54370.1,A0A0H2ZP29,A0A0H2ZP29_STRP2
,ABJ54463.1,A0A0H2ZP30,A0A0H2ZP30_STRP2
,ABJ54641.1,A0A0H2ZP31,A0A0H2ZP31_STRP2
,ABJ54470.1,A0A0H2ZP33,A0A0H2ZP33_STRP2
,ABJ54648.1,A0A0H2ZP35,A0A0H2ZP35_STRP2
,ABJ54476.1,A0A0H2ZP37,A0A0H2ZP37_STRP2
,ABJ54382.1,A0A0H2ZP38,A0A0H2ZP38_STRP2
,ABJ54993.1,A0A0H2ZP40,A0A0H2ZP40_STRP2
,ABJ54483.1,A0A0H2ZP41,A0A0H2ZP41_STRP2
,ABJ54387.1,A0A0H2ZP42,A0A0H2ZP42_STRP2
,ABJ54999.1,A0A0H2ZP43,A0A0H2ZP43_STRP2
,ABJ54393.1,A0A0H2ZP46,A0A0H2ZP46_STRP2
,ABJ54403.1,A0A0H2ZP51,A0A0H2ZP51_STRP2
,ABJ54502.1,A0A0H2ZP53,A0A0H2ZP53_STRP2
,ABJ54410.1,A0A0H2ZP54,A0A0H2ZP54_STRP2
,ABJ54871.1,A0A0H2ZP56,A0A0H2ZP56_STRP2
,ABJ54507.1,A0A0H2ZP59,A0A0H2ZP59_STRP2
,ABJ54876.1,A0A0H2ZP61,A0A0H2ZP61_STRP2
,ABJ55020.1,A0A0H2ZP62,A0A0H2ZP62_STRP2
,ABJ54421.1,A0A0H2ZP63,A0A0H2ZP63_STRP2
,ABJ54681.1,A0A0H2ZP64,A0A0H2ZP64_STRP2
,ABJ54883.1,A0A0H2ZP66,A0A0H2ZP66_STRP2
,ABJ55027.1,A0A0H2ZP67,A0A0H2ZP67_STRP2
,ABJ54426.1,A0A0H2ZP68,A0A0H2ZP68_STRP2
,ABJ54686.1,A0A0H2ZP70,A0A0H2ZP70_STRP2
,ABJ54520.1,A0A0H2ZP71,A0A0H2ZP71_STRP2
,ABJ55033.1,A0A0H2ZP72,A0A0H2ZP72_STRP2
,ABJ54431.1,A0A0H2ZP73,A0A0H2ZP73_STRP2
,ABJ54527.1,A0A0H2ZP75,A0A0H2ZP75_STRP2
,ABJ54691.1,A0A0H2ZP76,A0A0H2ZP76_STRP2
,ABJ55040.1,A0A0H2ZP77,A0A0H2ZP77_STRP2
,ABJ54437.1,A0A0H2ZP78,A0A0H2ZP78_STRP2
,ABJ54900.1,A0A0H2ZP79,A0A0H2ZP79_STRP2
,ABJ54533.1,A0A0H2ZP80,A0A0H2ZP80_STRP2
,ABJ54443.1,A0A0H2ZP82,A0A0H2ZP82_STRP2
,ABJ54699.1,A0A0H2ZP83,A0A0H2ZP83_STRP2
,ABJ54448.1,A0A0H2ZP85,A0A0H2ZP85_STRP2
,ABJ54913.1,A0A0H2ZP86,A0A0H2ZP86_STRP2
,ABJ55055.1,A0A0H2ZP88,A0A0H2ZP88_STRP2
,ABJ54704.1,A0A0H2ZP89,A0A0H2ZP89_STRP2
,ABJ54454.1,A0A0H2ZP90,A0A0H2ZP90_STRP2
,ABJ54920.1,A0A0H2ZP91,A0A0H2ZP91_STRP2
,ABJ54544.1,A0A0H2ZP93,A0A0H2ZP93_STRP2
,ABJ55062.1,A0A0H2ZP94,A0A0H2ZP94_STRP2
,ABJ54929.1,A0A0H2ZP95,A0A0H2ZP95_STRP2
,ABJ54459.1,A0A0H2ZP96,A0A0H2ZP96_STRP2
,ABJ54714.1,A0A0H2ZP97,A0A0H2ZP97_STRP2
,ABJ54937.1,A0A0H2ZP98,A0A0H2ZP98_STRP2
,ABJ54550.1,A0A0H2ZP99,A0A0H2ZP99_STRP2
,ABJ54465.1,A0A0H2ZPA0,A0A0H2ZPA0_STRP2
,ABJ55068.1,A0A0H2ZPA1,A0A0H2ZPA1_STRP2
,ABJ54945.1,A0A0H2ZPA2,A0A0H2ZPA2_STRP2
,ABJ54720.1,A0A0H2ZPA3,A0A0H2ZPA3_STRP2
,ABJ54472.1,A0A0H2ZPA4,A0A0H2ZPA4_STRP2
,ABJ54556.1,A0A0H2ZPA5,A0A0H2ZPA5_STRP2
,ABJ54951.1,A0A0H2ZPA6,A0A0H2ZPA6_STRP2
,ABJ55073.1,A0A0H2ZPA7,A0A0H2ZPA7_STRP2
,ABJ54478.1,A0A0H2ZPA8,A0A0H2ZPA8_STRP2
,ABJ54725.1,A0A0H2ZPA9,A0A0H2ZPA9_STRP2
,ABJ54562.1,A0A0H2ZPB0,A0A0H2ZPB0_STRP2
,ABJ54958.1,A0A0H2ZPB1,A0A0H2ZPB1_STRP2
,ABJ54485.1,A0A0H2ZPB2,A0A0H2ZPB2_STRP2
,ABJ55079.1,A0A0H2ZPB3,A0A0H2ZPB3_STRP2
,ABJ54730.1,A0A0H2ZPB5,A0A0H2ZPB5_STRP2
,ABJ54567.1,A0A0H2ZPB6,A0A0H2ZPB6_STRP2
,ABJ54492.1,A0A0H2ZPB7,A0A0H2ZPB7_STRP2
,ABJ54970.1,A0A0H2ZPB8,A0A0H2ZPB8_STRP2
,ABJ55085.1,A0A0H2ZPB9,A0A0H2ZPB9_STRP2
,ABJ54499.1,A0A0H2ZPC0,A0A0H2ZPC0_STRP2
,ABJ54736.1,A0A0H2ZPC1,A0A0H2ZPC1_STRP2
,ABJ54504.1,A0A0H2ZPC4,A0A0H2ZPC4_STRP2
,ABJ55090.1,A0A0H2ZPC5,A0A0H2ZPC5_STRP2
,ABJ54743.1,A0A0H2ZPC6,A0A0H2ZPC6_STRP2
,ABJ54982.1,A0A0H2ZPC7,A0A0H2ZPC7_STRP2
,ABJ54510.1,A0A0H2ZPC9,A0A0H2ZPC9_STRP2
,ABJ55096.1,A0A0H2ZPD0,A0A0H2ZPD0_STRP2
,ABJ54987.1,A0A0H2ZPD1,A0A0H2ZPD1_STRP2
,ABJ54750.1,A0A0H2ZPD2,A0A0H2ZPD2_STRP2
,ABJ54516.1,A0A0H2ZPD5,A0A0H2ZPD5_STRP2
,ABJ54592.1,A0A0H2ZPD8,A0A0H2ZPD8_STRP2
,ABJ54998.1,A0A0H2ZPD9,A0A0H2ZPD9_STRP2
,ABJ55003.1,A0A0H2ZPE2,A0A0H2ZPE2_STRP2
,ABJ54597.1,A0A0H2ZPE3,A0A0H2ZPE3_STRP2
,ABJ54762.1,A0A0H2ZPE4,A0A0H2ZPE4_STRP2
,ABJ54530.1,A0A0H2ZPE5,A0A0H2ZPE5_STRP2
,ABJ55113.1,A0A0H2ZPE6,A0A0H2ZPE6_STRP2
,ABJ55008.1,A0A0H2ZPE7,A0A0H2ZPE7_STRP2
,ABJ54602.1,A0A0H2ZPE8,A0A0H2ZPE8_STRP2
,ABJ54536.1,A0A0H2ZPE9,A0A0H2ZPE9_STRP2
,ABJ55119.1,A0A0H2ZPF1,A0A0H2ZPF1_STRP2
,ABJ55013.1,A0A0H2ZPF2,A0A0H2ZPF2_STRP2
,ABJ54541.1,A0A0H2ZPF3,A0A0H2ZPF3_STRP2
,ABJ54609.1,A0A0H2ZPF4,A0A0H2ZPF4_STRP2
,ABJ55019.1,A0A0H2ZPF5,A0A0H2ZPF5_STRP2
,ABJ54547.1,A0A0H2ZPF7,A0A0H2ZPF7_STRP2
,ABJ54776.1,A0A0H2ZPF8,A0A0H2ZPF8_STRP2
,ABJ55025.1,A0A0H2ZPF9,A0A0H2ZPF9_STRP2
,ABJ54614.1,A0A0H2ZPG0,A0A0H2ZPG0_STRP2
,ABJ55132.1,A0A0H2ZPG1,A0A0H2ZPG1_STRP2
,ABJ54783.1,A0A0H2ZPG4,A0A0H2ZPG4_STRP2
,ABJ55138.1,A0A0H2ZPG8,A0A0H2ZPG8_STRP2
,ABJ55045.1,A0A0H2ZPH0,A0A0H2ZPH0_STRP2
,ABJ54789.1,A0A0H2ZPH1,A0A0H2ZPH1_STRP2
,ABJ55143.1,A0A0H2ZPH3,A0A0H2ZPH3_STRP2
,ABJ55054.1,A0A0H2ZPH5,A0A0H2ZPH5_STRP2
,ABJ55061.1,A0A0H2ZPH7,A0A0H2ZPH7_STRP2
,ABJ54575.1,A0A0H2ZPH8,A0A0H2ZPH8_STRP2
,ABJ55149.1,A0A0H2ZPH9,A0A0H2ZPH9_STRP2
,ABJ54633.1,A0A0H2ZPI0,A0A0H2ZPI0_STRP2
,ABJ54583.1,A0A0H2ZPI1,A0A0H2ZPI1_STRP2
,ABJ55067.1,A0A0H2ZPI2,A0A0H2ZPI2_STRP2
,ABJ54801.1,A0A0H2ZPI3,A0A0H2ZPI3_STRP2
,ABJ55155.1,A0A0H2ZPI4,A0A0H2ZPI4_STRP2
,ABJ54588.1,A0A0H2ZPI6,A0A0H2ZPI6_STRP2
,ABJ55072.1,A0A0H2ZPI7,A0A0H2ZPI7_STRP2
,ABJ55162.1,A0A0H2ZPI9,A0A0H2ZPI9_STRP2
,ABJ55078.1,A0A0H2ZPJ0,A0A0H2ZPJ0_STRP2
,ABJ54594.1,A0A0H2ZPJ1,A0A0H2ZPJ1_STRP2
,ABJ54647.1,A0A0H2ZPJ2,A0A0H2ZPJ2_STRP2
,ABJ55084.1,A0A0H2ZPJ3,A0A0H2ZPJ3_STRP2
,ABJ55169.1,A0A0H2ZPJ4,A0A0H2ZPJ4_STRP2
,ABJ54811.1,A0A0H2ZPJ6,A0A0H2ZPJ6_STRP2
,ABJ54652.1,A0A0H2ZPJ7,A0A0H2ZPJ7_STRP2
,ABJ55089.1,A0A0H2ZPJ8,A0A0H2ZPJ8_STRP2
,ABJ54604.1,A0A0H2ZPJ9,A0A0H2ZPJ9_STRP2
,ABJ55174.1,A0A0H2ZPK0,A0A0H2ZPK0_STRP2
,ABJ54816.1,A0A0H2ZPK1,A0A0H2ZPK1_STRP2
,ABJ54658.1,A0A0H2ZPK2,A0A0H2ZPK2_STRP2
,ABJ55095.1,A0A0H2ZPK3,A0A0H2ZPK3_STRP2
,ABJ55180.1,A0A0H2ZPK5,A0A0H2ZPK5_STRP2
,ABJ54663.1,A0A0H2ZPK6,A0A0H2ZPK6_STRP2
,ABJ55101.1,A0A0H2ZPK8,A0A0H2ZPK8_STRP2
,ABJ55185.1,A0A0H2ZPK9,A0A0H2ZPK9_STRP2
,ABJ54616.1,A0A0H2ZPL0,A0A0H2ZPL0_STRP2
,ABJ55107.1,A0A0H2ZPL1,A0A0H2ZPL1_STRP2
,ABJ55193.1,A0A0H2ZPL2,A0A0H2ZPL2_STRP2
,ABJ54669.1,A0A0H2ZPL3,A0A0H2ZPL3_STRP2
,ABJ54623.1,A0A0H2ZPL4,A0A0H2ZPL4_STRP2
,ABJ54828.1,A0A0H2ZPL5,A0A0H2ZPL5_STRP2
,ABJ55112.1,A0A0H2ZPL6,A0A0H2ZPL6_STRP2
,ABJ55200.1,A0A0H2ZPL7,A0A0H2ZPL7_STRP2
,ABJ54630.1,A0A0H2ZPL8,A0A0H2ZPL8_STRP2
,ABJ54674.1,A0A0H2ZPL9,A0A0H2ZPL9_STRP2
,ABJ55118.1,A0A0H2ZPM1,A0A0H2ZPM1_STRP2
,ABJ55206.1,A0A0H2ZPM2,A0A0H2ZPM2_STRP2
,ABJ54636.1,A0A0H2ZPM3,A0A0H2ZPM3_STRP2
,ABJ54680.1,A0A0H2ZPM4,A0A0H2ZPM4_STRP2
,ABJ55124.1,A0A0H2ZPM5,A0A0H2ZPM5_STRP2
,ABJ54642.1,A0A0H2ZPM7,A0A0H2ZPM7_STRP2
,ABJ55217.1,A0A0H2ZPN0,A0A0H2ZPN0_STRP2
,ABJ54649.1,A0A0H2ZPN2,A0A0H2ZPN2_STRP2
,ABJ54847.1,A0A0H2ZPN4,A0A0H2ZPN4_STRP2
,ABJ55222.1,A0A0H2ZPN5,A0A0H2ZPN5_STRP2
,ABJ54690.1,A0A0H2ZPN6,A0A0H2ZPN6_STRP2
,ABJ54654.1,A0A0H2ZPN7,A0A0H2ZPN7_STRP2
,ABJ55228.1,A0A0H2ZPN9,A0A0H2ZPN9_STRP2
,ABJ54852.1,A0A0H2ZPP0,A0A0H2ZPP0_STRP2
,ABJ54698.1,A0A0H2ZPP1,A0A0H2ZPP1_STRP2
,ABJ54660.1,A0A0H2ZPP2,A0A0H2ZPP2_STRP2
,ABJ55148.1,A0A0H2ZPP3,A0A0H2ZPP3_STRP2
,ABJ55233.1,A0A0H2ZPP4,A0A0H2ZPP4_STRP2
,ABJ54858.1,A0A0H2ZPP5,A0A0H2ZPP5_STRP2
,ABJ54665.1,A0A0H2ZPP7,A0A0H2ZPP7_STRP2
,ABJ55154.1,A0A0H2ZPP8,A0A0H2ZPP8_STRP2
,ABJ55244.1,A0A0H2ZPP9,A0A0H2ZPP9_STRP2
,ABJ54671.1,A0A0H2ZPQ1,A0A0H2ZPQ1_STRP2
,ABJ55161.1,A0A0H2ZPQ3,A0A0H2ZPQ3_STRP2
,ABJ55249.1,A0A0H2ZPQ4,A0A0H2ZPQ4_STRP2
,ABJ54676.1,A0A0H2ZPQ6,A0A0H2ZPQ6_STRP2
,ABJ54713.1,A0A0H2ZPQ8,A0A0H2ZPQ8_STRP2
,ABJ54682.1,A0A0H2ZPR0,A0A0H2ZPR0_STRP2
,ABJ55173.1,A0A0H2ZPR1,A0A0H2ZPR1_STRP2
,ABJ55260.1,A0A0H2ZPR3,A0A0H2ZPR3_STRP2
,ABJ55178.1,A0A0H2ZPR4,A0A0H2ZPR4_STRP2
,ABJ54687.1,A0A0H2ZPR5,A0A0H2ZPR5_STRP2
,ABJ55265.1,A0A0H2ZPR6,A0A0H2ZPR6_STRP2
,ABJ54724.1,A0A0H2ZPR7,A0A0H2ZPR7_STRP2
,ABJ55270.1,A0A0H2ZPR9,A0A0H2ZPR9_STRP2
,ABJ54729.1,A0A0H2ZPS1,A0A0H2ZPS1_STRP2
,ABJ55192.1,A0A0H2ZPS2,A0A0H2ZPS2_STRP2
,ABJ55275.1,A0A0H2ZPS3,A0A0H2ZPS3_STRP2
,ABJ54700.1,A0A0H2ZPS4,A0A0H2ZPS4_STRP2
,ABJ54735.1,A0A0H2ZPS6,A0A0H2ZPS6_STRP2
,ABJ54705.1,A0A0H2ZPS8,A0A0H2ZPS8_STRP2
,ABJ55205.1,A0A0H2ZPS9,A0A0H2ZPS9_STRP2
,ABJ55285.1,A0A0H2ZPT1,A0A0H2ZPT1_STRP2
,ABJ54874.1,A0A0H2ZPT2,A0A0H2ZPT2_STRP2
,ABJ54710.1,A0A0H2ZPT3,A0A0H2ZPT3_STRP2
,ABJ55210.1,A0A0H2ZPT4,A0A0H2ZPT4_STRP2
,ABJ54880.1,A0A0H2ZPT7,A0A0H2ZPT7_STRP2
,ABJ54715.1,A0A0H2ZPT8,A0A0H2ZPT8_STRP2
,ABJ55216.1,A0A0H2ZPT9,A0A0H2ZPT9_STRP2
,ABJ55297.1,A0A0H2ZPU0,A0A0H2ZPU0_STRP2
,ABJ54887.1,A0A0H2ZPU1,A0A0H2ZPU1_STRP2
,ABJ54756.1,A0A0H2ZPU2,A0A0H2ZPU2_STRP2
,ABJ54893.1,A0A0H2ZPU4,A0A0H2ZPU4_STRP2
,ABJ54721.1,A0A0H2ZPU5,A0A0H2ZPU5_STRP2
,ABJ55303.1,A0A0H2ZPU6,A0A0H2ZPU6_STRP2
,ABJ54761.1,A0A0H2ZPU7,A0A0H2ZPU7_STRP2
,ABJ54898.1,A0A0H2ZPU8,A0A0H2ZPU8_STRP2
,ABJ55227.1,A0A0H2ZPU9,A0A0H2ZPU9_STRP2
,ABJ55308.1,A0A0H2ZPV0,A0A0H2ZPV0_STRP2
,ABJ54726.1,A0A0H2ZPV1,A0A0H2ZPV1_STRP2
,ABJ54768.1,A0A0H2ZPV2,A0A0H2ZPV2_STRP2
,ABJ54903.1,A0A0H2ZPV3,A0A0H2ZPV3_STRP2
,ABJ54732.1,A0A0H2ZPV6,A0A0H2ZPV6_STRP2
,ABJ54775.1,A0A0H2ZPV7,A0A0H2ZPV7_STRP2
,ABJ55318.1,A0A0H2ZPV9,A0A0H2ZPV9_STRP2
,ABJ54737.1,A0A0H2ZPW0,A0A0H2ZPW0_STRP2
,ABJ55241.1,A0A0H2ZPW1,A0A0H2ZPW1_STRP2
,ABJ54781.1,A0A0H2ZPW2,A0A0H2ZPW2_STRP2
,ABJ54744.1,A0A0H2ZPW4,A0A0H2ZPW4_STRP2
,ABJ54925.1,A0A0H2ZPW8,A0A0H2ZPW8_STRP2
,ABJ54751.1,A0A0H2ZPW9,A0A0H2ZPW9_STRP2
,ABJ55253.1,A0A0H2ZPX0,A0A0H2ZPX0_STRP2
,ABJ54793.1,A0A0H2ZPX1,A0A0H2ZPX1_STRP2
,ABJ54935.1,A0A0H2ZPX3,A0A0H2ZPX3_STRP2
,ABJ54800.1,A0A0H2ZPX6,A0A0H2ZPX6_STRP2
,ABJ54941.1,A0A0H2ZPX7,A0A0H2ZPX7_STRP2
,ABJ55264.1,A0A0H2ZPX9,A0A0H2ZPX9_STRP2
,ABJ54805.1,A0A0H2ZPY1,A0A0H2ZPY1_STRP2
,ABJ54763.1,A0A0H2ZPY2,A0A0H2ZPY2_STRP2
,ABJ55342.1,A0A0H2ZPY3,A0A0H2ZPY3_STRP2
,ABJ55269.1,A0A0H2ZPY4,A0A0H2ZPY4_STRP2
,ABJ55274.1,A0A0H2ZPY8,A0A0H2ZPY8_STRP2
,ABJ54963.1,A0A0H2ZPY9,A0A0H2ZPY9_STRP2
,ABJ55347.1,A0A0H2ZPZ0,A0A0H2ZPZ0_STRP2
,ABJ55279.1,A0A0H2ZPZ2,A0A0H2ZPZ2_STRP2
,ABJ54968.1,A0A0H2ZPZ4,A0A0H2ZPZ4_STRP2
,ABJ55284.1,A0A0H2ZPZ6,A0A0H2ZPZ6_STRP2
,ABJ54784.1,A0A0H2ZPZ9,A0A0H2ZPZ9_STRP2
,ABJ55290.1,A0A0H2ZQ00,A0A0H2ZQ00_STRP2
,ABJ55357.1,A0A0H2ZQ01,A0A0H2ZQ01_STRP2
,ABJ54827.1,A0A0H2ZQ03,A0A0H2ZQ03_STRP2
,ABJ54980.1,A0A0H2ZQ05,A0A0H2ZQ05_STRP2
,ABJ55302.1,A0A0H2ZQ06,A0A0H2ZQ06_STRP2
,ABJ55307.1,A0A0H2ZQ08,A0A0H2ZQ08_STRP2
,ABJ54796.1,A0A0H2ZQ11,A0A0H2ZQ11_STRP2
,ABJ54990.1,A0A0H2ZQ15,A0A0H2ZQ15_STRP2
,ABJ55317.1,A0A0H2ZQ16,A0A0H2ZQ16_STRP2
,ABJ55323.1,A0A0H2ZQ18,A0A0H2ZQ18_STRP2
,ABJ55380.1,A0A0H2ZQ19,A0A0H2ZQ19_STRP2
,ABJ54996.1,A0A0H2ZQ20,A0A0H2ZQ20_STRP2
,ABJ54846.1,A0A0H2ZQ21,A0A0H2ZQ21_STRP2
,ABJ54807.1,A0A0H2ZQ22,A0A0H2ZQ22_STRP2
,ABJ55328.1,A0A0H2ZQ23,A0A0H2ZQ23_STRP2
,ABJ55001.1,A0A0H2ZQ24,A0A0H2ZQ24_STRP2
,ABJ54851.1,A0A0H2ZQ26,A0A0H2ZQ26_STRP2
,ABJ54812.1,A0A0H2ZQ27,A0A0H2ZQ27_STRP2
,ABJ55334.1,A0A0H2ZQ28,A0A0H2ZQ28_STRP2
,ABJ55392.1,A0A0H2ZQ29,A0A0H2ZQ29_STRP2
,ABJ55340.1,A0A0H2ZQ31,A0A0H2ZQ31_STRP2
,ABJ54856.1,A0A0H2ZQ32,A0A0H2ZQ32_STRP2
,ABJ54817.1,A0A0H2ZQ33,A0A0H2ZQ33_STRP2
,ABJ55346.1,A0A0H2ZQ34,A0A0H2ZQ34_STRP2
,ABJ55398.1,A0A0H2ZQ35,A0A0H2ZQ35_STRP2
,ABJ55351.1,A0A0H2ZQ36,A0A0H2ZQ36_STRP2
,ABJ54823.1,A0A0H2ZQ37,A0A0H2ZQ37_STRP2
,ABJ55011.1,A0A0H2ZQ38,A0A0H2ZQ38_STRP2
,ABJ55356.1,A0A0H2ZQ40,A0A0H2ZQ40_STRP2
,ABJ55363.1,A0A0H2ZQ41,A0A0H2ZQ41_STRP2
,ABJ55016.1,A0A0H2ZQ42,A0A0H2ZQ42_STRP2
,ABJ55406.1,A0A0H2ZQ43,A0A0H2ZQ43_STRP2
,ABJ54868.1,A0A0H2ZQ44,A0A0H2ZQ44_STRP2
,ABJ54829.1,A0A0H2ZQ45,A0A0H2ZQ45_STRP2
,ABJ55371.1,A0A0H2ZQ46,A0A0H2ZQ46_STRP2
,ABJ55023.1,A0A0H2ZQ47,A0A0H2ZQ47_STRP2
,ABJ55377.1,A0A0H2ZQ48,A0A0H2ZQ48_STRP2
,ABJ55411.1,A0A0H2ZQ49,A0A0H2ZQ49_STRP2
,ABJ54834.1,A0A0H2ZQ50,A0A0H2ZQ50_STRP2
,ABJ55384.1,A0A0H2ZQ51,A0A0H2ZQ51_STRP2
,ABJ55029.1,A0A0H2ZQ52,A0A0H2ZQ52_STRP2
,ABJ55417.1,A0A0H2ZQ53,A0A0H2ZQ53_STRP2
,ABJ54843.1,A0A0H2ZQ54,A0A0H2ZQ54_STRP2
,ABJ55037.1,A0A0H2ZQ55,A0A0H2ZQ55_STRP2
,ABJ55390.1,A0A0H2ZQ56,A0A0H2ZQ56_STRP2
,ABJ55422.1,A0A0H2ZQ57,A0A0H2ZQ57_STRP2
,ABJ54848.1,A0A0H2ZQ58,A0A0H2ZQ58_STRP2
,ABJ55431.1,A0A0H2ZQ60,A0A0H2ZQ60_STRP2
,ABJ55396.1,A0A0H2ZQ61,A0A0H2ZQ61_STRP2
,ABJ54853.1,A0A0H2ZQ62,A0A0H2ZQ62_STRP2
,ABJ55050.1,A0A0H2ZQ63,A0A0H2ZQ63_STRP2
,ABJ55438.1,A0A0H2ZQ64,A0A0H2ZQ64_STRP2
,ABJ54859.1,A0A0H2ZQ66,A0A0H2ZQ66_STRP2
,ABJ54873.1,A0A0H2ZQ67,A0A0H2ZQ67_STRP2
,ABJ55057.1,A0A0H2ZQ69,A0A0H2ZQ69_STRP2
,ABJ55410.1,A0A0H2ZQ70,A0A0H2ZQ70_STRP2
,ABJ54865.1,A0A0H2ZQ71,A0A0H2ZQ71_STRP2
,ABJ55416.1,A0A0H2ZQ72,A0A0H2ZQ72_STRP2
,ABJ54879.1,A0A0H2ZQ73,A0A0H2ZQ73_STRP2
,ABJ55065.1,A0A0H2ZQ74,A0A0H2ZQ74_STRP2
,ABJ55070.1,A0A0H2ZQ80,A0A0H2ZQ80_STRP2
,ABJ55430.1,A0A0H2ZQ81,A0A0H2ZQ81_STRP2
,ABJ54897.1,A0A0H2ZQ83,A0A0H2ZQ83_STRP2
,ABJ55075.1,A0A0H2ZQ84,A0A0H2ZQ84_STRP2
,ABJ54902.1,A0A0H2ZQ86,A0A0H2ZQ86_STRP2
,ABJ55082.1,A0A0H2ZQ88,A0A0H2ZQ88_STRP2
,ABJ54910.1,A0A0H2ZQ89,A0A0H2ZQ89_STRP2
,ABJ55442.1,A0A0H2ZQ90,A0A0H2ZQ90_STRP2
,ABJ55087.1,A0A0H2ZQ92,A0A0H2ZQ92_STRP2
,ABJ54915.1,A0A0H2ZQ93,A0A0H2ZQ93_STRP2
,ABJ55092.1,A0A0H2ZQ95,A0A0H2ZQ95_STRP2
,ABJ54870.1,A0A0H2ZQ97,A0A0H2ZQ97_STRP2
,ABJ55099.1,A0A0H2ZQ98,A0A0H2ZQ98_STRP2
,ABJ54875.1,A0A0H2ZQA0,A0A0H2ZQA0_STRP2
,ABJ55104.1,A0A0H2ZQA2,A0A0H2ZQA2_STRP2
,ABJ55462.1,A0A0H2ZQA3,A0A0H2ZQA3_STRP2
,ABJ54882.1,A0A0H2ZQA4,A0A0H2ZQA4_STRP2
,ABJ54940.1,A0A0H2ZQA5,A0A0H2ZQA5_STRP2
,ABJ55110.1,A0A0H2ZQA6,A0A0H2ZQA6_STRP2
,ABJ55467.1,A0A0H2ZQA7,A0A0H2ZQA7_STRP2
,ABJ54888.1,A0A0H2ZQA8,A0A0H2ZQA8_STRP2
,ABJ54894.1,A0A0H2ZQB0,A0A0H2ZQB0_STRP2
,ABJ55116.1,A0A0H2ZQB1,A0A0H2ZQB1_STRP2
,ABJ55472.1,A0A0H2ZQB2,A0A0H2ZQB2_STRP2
,ABJ54953.1,A0A0H2ZQB3,A0A0H2ZQB3_STRP2
,ABJ54899.1,A0A0H2ZQB5,A0A0H2ZQB5_STRP2
,ABJ54961.1,A0A0H2ZQB6,A0A0H2ZQB6_STRP2
,ABJ54904.1,A0A0H2ZQB7,A0A0H2ZQB7_STRP2
,ABJ55127.1,A0A0H2ZQB8,A0A0H2ZQB8_STRP2
,ABJ54912.1,A0A0H2ZQC0,A0A0H2ZQC0_STRP2
,ABJ55135.1,A0A0H2ZQC1,A0A0H2ZQC1_STRP2
,ABJ54973.1,A0A0H2ZQC2,A0A0H2ZQC2_STRP2
,ABJ54978.1,A0A0H2ZQC5,A0A0H2ZQC5_STRP2
,ABJ55146.1,A0A0H2ZQC6,A0A0H2ZQC6_STRP2
,ABJ55480.1,A0A0H2ZQC7,A0A0H2ZQC7_STRP2
,ABJ54928.1,A0A0H2ZQC8,A0A0H2ZQC8_STRP2
,ABJ54984.1,A0A0H2ZQC9,A0A0H2ZQC9_STRP2
,ABJ54936.1,A0A0H2ZQD2,A0A0H2ZQD2_STRP2
,ABJ54989.1,A0A0H2ZQD3,A0A0H2ZQD3_STRP2
,ABJ55159.1,A0A0H2ZQD4,A0A0H2ZQD4_STRP2
,ABJ55491.1,A0A0H2ZQD5,A0A0H2ZQD5_STRP2
,ABJ54942.1,A0A0H2ZQD6,A0A0H2ZQD6_STRP2
,ABJ54994.1,A0A0H2ZQD7,A0A0H2ZQD7_STRP2
,ABJ55497.1,A0A0H2ZQD8,A0A0H2ZQD8_STRP2
,ABJ55479.1,A0A0H2ZQD9,A0A0H2ZQD9_STRP2
,ABJ55000.1,A0A0H2ZQE2,A0A0H2ZQE2_STRP2
,ABJ55503.1,A0A0H2ZQE3,A0A0H2ZQE3_STRP2
,ABJ55509.1,A0A0H2ZQE5,A0A0H2ZQE5_STRP2
,ABJ55005.1,A0A0H2ZQE6,A0A0H2ZQE6_STRP2
,ABJ54956.1,A0A0H2ZQE7,A0A0H2ZQE7_STRP2
,ABJ55490.1,A0A0H2ZQE8,A0A0H2ZQE8_STRP2
,ABJ55514.1,A0A0H2ZQF1,A0A0H2ZQF1_STRP2
,ABJ55010.1,A0A0H2ZQF2,A0A0H2ZQF2_STRP2
,ABJ55502.1,A0A0H2ZQF5,A0A0H2ZQF5_STRP2
,ABJ55176.1,A0A0H2ZQF6,A0A0H2ZQF6_STRP2
,ABJ55508.1,A0A0H2ZQF7,A0A0H2ZQF7_STRP2
,ABJ55015.1,A0A0H2ZQF8,A0A0H2ZQF8_STRP2
,ABJ54969.1,A0A0H2ZQG0,A0A0H2ZQG0_STRP2
,ABJ55182.1,A0A0H2ZQG1,A0A0H2ZQG1_STRP2
,ABJ55513.1,A0A0H2ZQG2,A0A0H2ZQG2_STRP2
,ABJ55022.1,A0A0H2ZQG4,A0A0H2ZQG4_STRP2
,ABJ54975.1,A0A0H2ZQG7,A0A0H2ZQG7_STRP2
,ABJ55187.1,A0A0H2ZQG8,A0A0H2ZQG8_STRP2
,ABJ55028.1,A0A0H2ZQH1,A0A0H2ZQH1_STRP2
,ABJ54981.1,A0A0H2ZQH2,A0A0H2ZQH2_STRP2
,ABJ55196.1,A0A0H2ZQH5,A0A0H2ZQH5_STRP2
,ABJ54986.1,A0A0H2ZQH9,A0A0H2ZQH9_STRP2
,ABJ55202.1,A0A0H2ZQI2,A0A0H2ZQI2_STRP2
,ABJ54991.1,A0A0H2ZQI3,A0A0H2ZQI3_STRP2
,ABJ55049.1,A0A0H2ZQJ1,A0A0H2ZQJ1_STRP2
,ABJ55002.1,A0A0H2ZQJ3,A0A0H2ZQJ3_STRP2
,ABJ55056.1,A0A0H2ZQJ6,A0A0H2ZQJ6_STRP2
,ABJ55007.1,A0A0H2ZQJ9,A0A0H2ZQJ9_STRP2
,ABJ55063.1,A0A0H2ZQK1,A0A0H2ZQK1_STRP2
,ABJ55224.1,A0A0H2ZQK8,A0A0H2ZQK8_STRP2
,ABJ55018.1,A0A0H2ZQL1,A0A0H2ZQL1_STRP2
,ABJ55074.1,A0A0H2ZQL4,A0A0H2ZQL4_STRP2
,ABJ55024.1,A0A0H2ZQL8,A0A0H2ZQL8_STRP2
,ABJ55080.1,A0A0H2ZQL9,A0A0H2ZQL9_STRP2
,ABJ55030.1,A0A0H2ZQM5,A0A0H2ZQM5_STRP2
,ABJ55246.1,A0A0H2ZQM9,A0A0H2ZQM9_STRP2
,ABJ55038.1,A0A0H2ZQN0,A0A0H2ZQN0_STRP2
,ABJ55251.1,A0A0H2ZQN6,A0A0H2ZQN6_STRP2
,ABJ55044.1,A0A0H2ZQN7,A0A0H2ZQN7_STRP2
,ABJ55097.1,A0A0H2ZQP0,A0A0H2ZQP0_STRP2
,ABJ55052.1,A0A0H2ZQP4,A0A0H2ZQP4_STRP2
,ABJ55109.1,A0A0H2ZQQ2,A0A0H2ZQQ2_STRP2
,ABJ55066.1,A0A0H2ZQQ5,A0A0H2ZQQ5_STRP2
,ABJ55114.1,A0A0H2ZQQ7,A0A0H2ZQQ7_STRP2
,ABJ55267.1,A0A0H2ZQQ8,A0A0H2ZQQ8_STRP2
,ABJ55071.1,A0A0H2ZQR0,A0A0H2ZQR0_STRP2
,ABJ55120.1,A0A0H2ZQR1,A0A0H2ZQR1_STRP2
,ABJ55277.1,A0A0H2ZQR9,A0A0H2ZQR9_STRP2
,ABJ55083.1,A0A0H2ZQS3,A0A0H2ZQS3_STRP2
,ABJ55282.1,A0A0H2ZQS6,A0A0H2ZQS6_STRP2
,ABJ55088.1,A0A0H2ZQS8,A0A0H2ZQS8_STRP2
,ABJ55288.1,A0A0H2ZQS9,A0A0H2ZQS9_STRP2
,ABJ55294.1,A0A0H2ZQT3,A0A0H2ZQT3_STRP2
,ABJ55150.1,A0A0H2ZQT8,A0A0H2ZQT8_STRP2
,ABJ55299.1,A0A0H2ZQT9,A0A0H2ZQT9_STRP2
,ABJ55157.1,A0A0H2ZQU4,A0A0H2ZQU4_STRP2
,ABJ55111.1,A0A0H2ZQV0,A0A0H2ZQV0_STRP2
,ABJ55310.1,A0A0H2ZQV2,A0A0H2ZQV2_STRP2
,ABJ55170.1,A0A0H2ZQV5,A0A0H2ZQV5_STRP2
,ABJ55315.1,A0A0H2ZQV8,A0A0H2ZQV8_STRP2
,ABJ55123.1,A0A0H2ZQW1,A0A0H2ZQW1_STRP2
,ABJ55320.1,A0A0H2ZQW3,A0A0H2ZQW3_STRP2
,ABJ55181.1,A0A0H2ZQW6,A0A0H2ZQW6_STRP2
,ABJ55130.2,A0A0H2ZQW7,A0A0H2ZQW7_STRP2
,ABJ55186.1,A0A0H2ZQX1,A0A0H2ZQX1_STRP2
,ABJ55136.1,A0A0H2ZQX2,A0A0H2ZQX2_STRP2
,ABJ55332.1,A0A0H2ZQX7,A0A0H2ZQX7_STRP2
,ABJ55195.1,A0A0H2ZQX9,A0A0H2ZQX9_STRP2
,ABJ55201.1,A0A0H2ZQY6,A0A0H2ZQY6_STRP2
,ABJ55152.1,A0A0H2ZQZ0,A0A0H2ZQZ0_STRP2
,ABJ55160.1,A0A0H2ZQZ7,A0A0H2ZQZ7_STRP2
,ABJ55212.1,A0A0H2ZQZ8,A0A0H2ZQZ8_STRP2
,ABJ55349.1,A0A0H2ZR01,A0A0H2ZR01_STRP2
,ABJ55167.1,A0A0H2ZR04,A0A0H2ZR04_STRP2
,ABJ55218.1,A0A0H2ZR06,A0A0H2ZR06_STRP2
,ABJ55354.1,A0A0H2ZR08,A0A0H2ZR08_STRP2
,ABJ55223.1,A0A0H2ZR12,A0A0H2ZR12_STRP2
,ABJ55360.1,A0A0H2ZR14,A0A0H2ZR14_STRP2
,ABJ55177.1,A0A0H2ZR16,A0A0H2ZR16_STRP2
,ABJ55229.1,A0A0H2ZR18,A0A0H2ZR18_STRP2
,ABJ55369.1,A0A0H2ZR21,A0A0H2ZR21_STRP2
,ABJ55190.1,A0A0H2ZR25,A0A0H2ZR25_STRP2
,ABJ55374.1,A0A0H2ZR27,A0A0H2ZR27_STRP2
,ABJ55245.1,A0A0H2ZR31,A0A0H2ZR31_STRP2
,ABJ55197.1,A0A0H2ZR32,A0A0H2ZR32_STRP2
,ABJ55382.1,A0A0H2ZR34,A0A0H2ZR34_STRP2
,ABJ55250.1,A0A0H2ZR38,A0A0H2ZR38_STRP2
,ABJ55203.1,A0A0H2ZR39,A0A0H2ZR39_STRP2
,ABJ55388.1,A0A0H2ZR42,A0A0H2ZR42_STRP2
,ABJ55256.1,A0A0H2ZR45,A0A0H2ZR45_STRP2
,ABJ55394.1,A0A0H2ZR50,A0A0H2ZR50_STRP2
,ABJ55215.1,A0A0H2ZR51,A0A0H2ZR51_STRP2
,ABJ55402.1,A0A0H2ZR55,A0A0H2ZR55_STRP2
,ABJ55220.1,A0A0H2ZR57,A0A0H2ZR57_STRP2
,ABJ55266.1,A0A0H2ZR59,A0A0H2ZR59_STRP2
,ABJ55226.1,A0A0H2ZR62,A0A0H2ZR62_STRP2
,ABJ55271.1,A0A0H2ZR64,A0A0H2ZR64_STRP2
,ABJ55231.1,A0A0H2ZR67,A0A0H2ZR67_STRP2
,ABJ55281.1,A0A0H2ZR74,A0A0H2ZR74_STRP2
,ABJ55419.1,A0A0H2ZR76,A0A0H2ZR76_STRP2
,ABJ55247.1,A0A0H2ZR79,A0A0H2ZR79_STRP2
,ABJ55427.1,A0A0H2ZR83,A0A0H2ZR83_STRP2
,ABJ55252.1,A0A0H2ZR86,A0A0H2ZR86_STRP2
,ABJ55435.1,A0A0H2ZR90,A0A0H2ZR90_STRP2
,ABJ55258.1,A0A0H2ZR93,A0A0H2ZR93_STRP2
,ABJ55298.1,A0A0H2ZR97,A0A0H2ZR97_STRP2
,ABJ55440.1,A0A0H2ZR98,A0A0H2ZR98_STRP2
,ABJ55263.1,A0A0H2ZRA0,A0A0H2ZRA0_STRP2
,ABJ55304.1,A0A0H2ZRA4,A0A0H2ZRA4_STRP2
,ABJ55309.1,A0A0H2ZRB0,A0A0H2ZRB0_STRP2
,ABJ55455.1,A0A0H2ZRB1,A0A0H2ZRB1_STRP2
,ABJ55273.1,A0A0H2ZRB5,A0A0H2ZRB5_STRP2
,ABJ55314.1,A0A0H2ZRB6,A0A0H2ZRB6_STRP2
,ABJ55460.1,A0A0H2ZRB7,A0A0H2ZRB7_STRP2
,ABJ55278.1,A0A0H2ZRC2,A0A0H2ZRC2_STRP2
,ABJ55465.1,A0A0H2ZRC4,A0A0H2ZRC4_STRP2
,ABJ55325.1,A0A0H2ZRC8,A0A0H2ZRC8_STRP2
,ABJ55470.1,A0A0H2ZRD1,A0A0H2ZRD1_STRP2
,ABJ55289.1,A0A0H2ZRD5,A0A0H2ZRD5_STRP2
,ABJ55300.1,A0A0H2ZRF0,A0A0H2ZRF0_STRP2
,ABJ55343.1,A0A0H2ZRF1,A0A0H2ZRF1_STRP2
,ABJ55306.1,A0A0H2ZRF4,A0A0H2ZRF4_STRP2
,ABJ55348.1,A0A0H2ZRF5,A0A0H2ZRF5_STRP2
,ABJ55311.1,A0A0H2ZRF7,A0A0H2ZRF7_STRP2
,ABJ55316.1,A0A0H2ZRG1,A0A0H2ZRG1_STRP2
,ABJ55321.1,A0A0H2ZRG4,A0A0H2ZRG4_STRP2
,ABJ55367.1,A0A0H2ZRG5,A0A0H2ZRG5_STRP2
,ABJ55327.1,A0A0H2ZRG7,A0A0H2ZRG7_STRP2
,ABJ55373.1,A0A0H2ZRG9,A0A0H2ZRG9_STRP2
,ABJ55482.1,A0A0H2ZRH1,A0A0H2ZRH1_STRP2
,ABJ55333.2,A0A0H2ZRH4,A0A0H2ZRH4_STRP2
,ABJ55488.1,A0A0H2ZRH6,A0A0H2ZRH6_STRP2
,ABJ55339.1,A0A0H2ZRH8,A0A0H2ZRH8_STRP2
,ABJ55393.1,A0A0H2ZRI0,A0A0H2ZRI0_STRP2
,ABJ55494.1,A0A0H2ZRI1,A0A0H2ZRI1_STRP2
,ABJ55345.1,A0A0H2ZRI3,A0A0H2ZRI3_STRP2
,ABJ55499.1,A0A0H2ZRI6,A0A0H2ZRI6_STRP2
,ABJ55350.1,A0A0H2ZRI9,A0A0H2ZRI9_STRP2
,ABJ55407.1,A0A0H2ZRJ0,A0A0H2ZRJ0_STRP2
,ABJ55506.1,A0A0H2ZRJ1,A0A0H2ZRJ1_STRP2
,ABJ55355.1,A0A0H2ZRJ5,A0A0H2ZRJ5_STRP2
,ABJ55511.1,A0A0H2ZRJ7,A0A0H2ZRJ7_STRP2
,ABJ55418.1,A0A0H2ZRK0,A0A0H2ZRK0_STRP2
,ABJ55517.1,A0A0H2ZRK1,A0A0H2ZRK1_STRP2
,ABJ55426.1,A0A0H2ZRK5,A0A0H2ZRK5_STRP2
,ABJ55432.1,A0A0H2ZRL2,A0A0H2ZRL2_STRP2
,ABJ55439.1,A0A0H2ZRL7,A0A0H2ZRL7_STRP2
,ABJ55383.1,A0A0H2ZRM1,A0A0H2ZRM1_STRP2
,ABJ55444.1,A0A0H2ZRM2,A0A0H2ZRM2_STRP2
,ABJ55454.1,A0A0H2ZRM7,A0A0H2ZRM7_STRP2
,ABJ55389.1,A0A0H2ZRM9,A0A0H2ZRM9_STRP2
,ABJ55459.1,A0A0H2ZRN3,A0A0H2ZRN3_STRP2
,ABJ55395.1,A0A0H2ZRN4,A0A0H2ZRN4_STRP2
,ABJ55464.1,A0A0H2ZRN8,A0A0H2ZRN8_STRP2
,ABJ55469.1,A0A0H2ZRP5,A0A0H2ZRP5_STRP2
,ABJ55475.1,A0A0H2ZRQ0,A0A0H2ZRQ0_STRP2
,ABJ55415.1,A0A0H2ZRQ3,A0A0H2ZRQ3_STRP2
,ABJ55436.1,A0A0H2ZRR6,A0A0H2ZRR6_STRP2
,ABJ55441.1,A0A0H2ZRS0,A0A0H2ZRS0_STRP2
,ABJ55448.1,A0A0H2ZRS5,A0A0H2ZRS5_STRP2
,ABJ55456.1,A0A0H2ZRT0,A0A0H2ZRT0_STRP2
,ABJ55466.1,A0A0H2ZRU0,A0A0H2ZRU0_STRP2
,ABJ55487.1,A0A0H2ZRU3,A0A0H2ZRU3_STRP2
,ABJ55493.1,A0A0H2ZRU6,A0A0H2ZRU6_STRP2
,ABJ55498.1,A0A0H2ZRV1,A0A0H2ZRV1_STRP2
,ABJ55504.1,A0A0H2ZRV3,A0A0H2ZRV3_STRP2
,ABJ55510.1,A0A0H2ZRV6,A0A0H2ZRV6_STRP2
,ABJ55477.1,A0A0H2ZRX9,A0A0H2ZRX9_STRP2
,ABJ55483.1,A0A0H2ZRY4,A0A0H2ZRY4_STRP2
,ABJ55489.1,A0A0H2ZRY9,A0A0H2ZRY9_STRP2
,ABJ55495.1,A0A0H2ZRZ4,A0A0H2ZRZ4_STRP2
,ABJ55500.1,A0A0H2ZRZ9,A0A0H2ZRZ9_STRP2
,ABJ55507.1,A0A0H2ZS04,A0A0H2ZS04_STRP2
,ABJ55512.1,A0A0H2ZS09,A0A0H2ZS09_STRP2
,ABJ55518.1,A0A0H2ZS14,A0A0H2ZS14_STRP2
,AAD12157.1,O54519,Y2303_STRP2
,AAD12156.1,O54552,Y2302_STRP2
,-,P0C2G8,Y2301_STRP2
,-,P0C2H1,Y2304_STRP2
,ABJ54079.1,Q04IM5,CINA_STRP2
,ABJ55474.1,Q04IN9,Y1725_STRP2
,ABJ54668.1,Q04IS6,Y1662_STRP2
,ABJ55199.1,Q04JK0,Y1378_STRP2
,ABJ53644.1,Q04JL4,Y1364_STRP2
,ABJ55404.1,Q04JM9,Y1303_STRP2
,ABJ54772.1,Q04JU6,Y1235_STRP2
,ABJ53656.1,Q04JX5,Y1206_STRP2
,ABJ53847.1,Q04K36,Y1143_STRP2
,ABJ55364.1,Q04KX8,Y837_STRP2
,ABJ54927.1,Q04LF3,Y651_STRP2
,ABJ54923.1,Q04LM3,Y576_STRP2
,ABJ55034.1,Q04LY2,HRCA_STRP2
,ABJ54294.1,Q04M08,Y432_STRP2
,ABJ55194.1,Q04M96,Y338_STRP2
,ABJ54480.1,Q04MC1,Y310_STRP2
,ABJ54979.1,Q04MP7,Y182_STRP2
,ABJ54656.1,Q04MP9,Y180_STRP2
,AAD10182.1,Q9ZIH5,Q9ZIH5_STRP2
,AAD10188.1,Q9ZIH7,Q9ZIH7_STRP2
,AAD10179.1,Q9ZIH9,Q9ZIH9_STRP2
,AAD10178.2,Q9ZII0,Q9ZII0_STRP2
,AAD10177.1,Q9ZII1,Q9ZII1_STRP2
,AAD10187.1,Q9ZII4,Q9ZII4_STRP2
,AAD10174.1,Q9ZII5,Q9ZII5_STRP2
,AAD10170.1,Q9ZII9,Q9ZII9_STRP2
