ProteinID,ResiduePositions
sp_A0A0H2ZQL5_CCRZ_S,"T11, S17, Y21, S24, Y25, S38, T72, T77, S96, S104, Y108, T112, S119, S135, T144, S163, S180, T184, S199, T208, T217, S232, Y260"
sp_Q04HU2_RLMH_STRP2,"T7, Y15, S28, S39, T43, S48, S50, S65, S85, S89, S96, T104, S110, S114, S116, S124, S126, T131, Y146"
sp_Q04HV7_ECFA1_STRP,"S11, Y20, T27, S44, T49, S61, T72, S113, S142, T168, S169, T182, T193, T198, S207, S220, T221, S222, S223, S229, S249, S251, Y255, T263, S265"
sp_Q04I44_ILVD_STRP2,"S10, S11, Y13, S15, S19, T31, S38, S44, T45, T50, S69, T90, S96, T98, S106, S112, S132, S165, T179, S220, S221, S222, S227, S252, T256, T265, S292, Y315, Y321, T347, T350, T362, S414, T424, S454, T469, S474, T477, T505, T510, S514, S518, T529, T530, S549, S551, S564"
sp_Q04I59_SYD_STRP2,"S4, T20, S65, T105, T109, S150, T165, S171, T172, Y179, S196, Y213, T233, S240, T243, T262, S285, T290, Y329, S330, T338, T368, T392, S433, Y439, S441, T447, T453, S482, S501, Y518, T560, S564, T565, S575, T583, S584"
sp_Q04ID0_RNPA_STRP2,"S45, S47, T55, S73, Y93, S107, S116, T120"
sp_Q04IT2_SCPA_STRP2,"Y27, T32, Y56, S61, T79, S91, Y116, Y117, T122, Y126, S145, T160, Y167, S179, T214, S224, Y229, S237"
sp_Q04IY9_TRPB_STRP2,"Y3, Y12, S38, S43, T60, Y63, T69, T114, Y137, Y190, S194, T195, S210, Y220, T224, S240, T269, T275, T277, S287, S304, S319, Y321, S328, Y329, T333, S345, S357, S381"
sp_Q04J74_ALR_STRP2,"S4, T9, T33, S65, S88, T125, S143, T168, S173, Y176, S190, S201, S203, T206, T212, S229, T244, T266, S271, S294, S309, T328, T341, T345"
sp_Q04JB0_SYI_STRP2,"Y33, Y58, S80, S82, S84, T96, S130, S145, Y152, T156, Y159, Y175, Y184, S186, S191, Y200, Y209, Y210, Y226, T231, T233, S240, T244, Y251, S272, T287, T304, T318, T322, Y336, T349, Y369, T375, S391, S393, T400, S415, S417, S454, S492, S513, S534, T546, Y552, S566, T569, S570, S584, S597, S599, S607, S627, S634, S639, S642, T644, T651, S660, Y680, T682, T691, Y696, T703, Y729, S735, T743, T757, S769, T775, S782, T799, S826, T832, T841, S857, T860, S872, T879, T884, T897, S913"
sp_Q04JM8_SYGB_STRP2,"Y17, T20, S22, S40, S48, T49, T58, S61, S65, T68, S82, T87, Y114, Y116, T118, T141, Y155, S184, T194, S201, Y202, S260, Y265, T275, S276, S299, S339, T349, S356, S378, Y415, T422, T436, S437, S445, S462, S465, Y477, T483, S505, S513, Y516, S536, T537, S567, S575, S578, T594, S622, S632, T642, S660, T663, T677"
sp_Q04JP7_DEF_STRP2,"S2, T8, T29, S39, S56, S81, T98, S118, S132, Y140, T148, Y151"
sp_Q04JY5_MECA_STRP2,"S7, T9, T10, T14, S16, Y42, S53, S61, T65, S78, S90, S102, S113, T118, S127, S147, Y152, T178, S179, Y182, Y189, S201, S221, S234"
sp_Q04K48_CARB_STRP2,"T5, Y28, T31, S36, Y42, T56, Y65, T89, S103, S121, T151, T173, Y218, S224, S247, T255, S257, Y259, S268, S270, S291, S304, S307, Y316, T330, S341, Y352, T374, S416, Y434, Y443, T444, T452, T484, T501, S531, T533, Y535, T539, S546, S549, S553, S559, Y572, T574, S577, S603, S605, Y609, T686, T688, S709, Y710, S728, T732, S737, S759, S780, S783, T791, S793, Y803, T804, Y829, S838, T848, S864, S866, Y870, Y875, T891, S906, S913, T916, Y922, S928, Y929, T941, Y962, S996, T1012, T1015, S1026, S1050"
sp_Q04KI2_RL27_STRP2,"T5, S20, S22, S27, T43, S46, T54, T69, S91"
sp_Q04KJ6_REX_STRP2,"T12, S17, S36, T49, S55, T74, S84, T127, T129, S139, T156, S159, S162, S179, S181, Y195, T204"
sp_Q04KU8_PRSA_STRP2,"S22, S25, S32, T39, Y44, Y70, S72, T82, Y90, Y94, S99, T107, T114, S115, T131, Y135, Y142, T143, S181, T182, S199, T200, S219, T225, T227, S232, Y234, Y235, T240, T243, S246, S247, Y252, T258, T262, T296, S304, S305, S306, S307, S308, S309, T310, S311"
sp_Q04KX8_Y837_STRP2,"S4, Y6, T11, S19, T38, S45, S53, S55"
sp_Q04KY2_TRMFO_STRP,"S2, Y5, Y20, S39, T40, T45, S78, S83, T87, S103, T107, T132, T140, S141, S181, Y190, T196, S217, Y223, Y257, T267, Y269, S282, Y284, T291, S323, Y324, S327, T334, S337, T350, Y355, S377, T385, S389, S399, Y427"
sp_Q04L55_PCP_STRP2,"T6, T42, S47, S48, T76, T100, S108, S112, T138, Y168, S183, Y201"
sp_Q04L69_DEOC_STRP2,"Y6, T10, S26, Y31, S35, T59, T68, T69, T77, T131, T152, S153, T154, S157, T167, T172, S175, S187, T204, Y220"
sp_Q04L73_COAA_STRP2,"S12, T15, S18, T23, T24, T28, S34, S37, S43, T64, S71, S80, S82, S92, S98, T99, T100, S109, T131, S146, Y147, S171, Y175, S184, T210, Y218, S228, S239, S247, Y248, Y249, T253, T269, T274, Y279, T283, Y303"
sp_Q04L81_DEOB_STRP2,"S2, S43, T45, T65, T69, S74, T77, Y79, T81, S87, T94, T121, S127, T135, S140, S227, S230, T232, Y245, T275, S290, Y346, T349, S362, T382, T391"
sp_Q04L82_RPIA_STRP2,"S28, T52, T53, S54, S55, T57, T58, T80, S89, T109, S121, S156, S221, T222, S223"
sp_Q04LT4_PNP_STRP2,"S29, S37, S46, T51, Y66, S83, T84, T89, S117, S133, S137, S139, Y154, S164, S171, T180, S195, T268, Y283, T313, S343, T347, T351, S355, Y375, S389, Y396, S420, Y426, S437, S442, S445, S473, T501, T523, T543, T554, T560, T586, S599, S602, S603, T662, S691, S711, T732, S736"
sp_Q04LW4_RIMP_STRP2,"T6, Y30, S35, T67, S83, T92, Y103, T131, T138, T142"
sp_Q04LY0_DNAK_STRP2,"S2, T11, T12, T36, S38, S41, S66, S69, T73, S74, S78, T85, Y104, T110, T115, T128, T158, S177, T191, S223, T224, S244, T249, S252, T257, T269, T271, T279, T286, S300, S302, T327, S334, T365, S368, T386, T390, S391, S393, S397, T423, S455, T463, T468, S475, T478, T516, T519, T523, T605"
sp_Q04M21_DPO4_STRP2,"S43, T48, S55, Y59, S71, S72, Y76, Y92, T107, S114, Y119, S156, Y157, Y168, T223, S245, S249, S255, T261, Y262, S280, Y303, S307, T308, T310, S314, T319, S323, S326, S337"
sp_Q04M37_RL28_STRP2,"T8, T12, T25, S50, S56"
sp_Q04ML1_RPOA_STRP2,"T10, Y18, T32, S37, S45, T65, S87, T112, S114, T127, S132, S133, T137, S142, Y146, S166, Y168, T169, S185, T193, T201, S211, T216, T226, S231, T240, S242, T250, S257, S260, T271, T276, S279, S293"
sp_Q04N48_PURA_STRP2,"T2, T9, T20, S57, S84, Y85, T93, S99, T127, T128, Y136, Y175, Y190, Y192, T203, T233, S251, S256, T269, T279, Y296, T298, T300, S317, S321, S327, S335, T339, Y356, S359, Y370, S401, S409, T410, S412, T420, S425"
tr_A0A0H2ZL49_A0A0H2,"S4, T5, S22, S24, S35, S36, Y50, T78, S83, S135, T141, T153, T164, Y183, S197, S204, S212, Y216, S217, S238, T241, S263, S295, S297"
tr_A0A0H2ZLI7_A0A0H2,"Y16, S19, S21, T26, T31, T43, S52, S87, T111, S113"
tr_A0A0H2ZLK6_A0A0H2,"S28, T37, S49, S51, T52, Y58, S67, T95, S127, Y131"
tr_A0A0H2ZLL9_A0A0H2,"S12, S32, S68, S73, T86, Y88, S116, T125, T164, Y171, S174, S210"
tr_A0A0H2ZLN3_A0A0H2,"S7, T8, T13, T21, Y22, S59, T72, T78, S79, S85, S103, S115, S119, Y130, S132, T157, T159, T187, S221, S236, S263, Y274, T334"
tr_A0A0H2ZLR6_A0A0H2,"T4, S14, S40, S68, T118, S136, S142, S170, T229, T233, S246, S250"
tr_A0A0H2ZLT4_A0A0H2,"S3, S50, T67, T86, S152, S175, S191, Y194, S213, S215, S222"
tr_A0A0H2ZLT8_A0A0H2,"S5, S6, Y52, S67, T68, T77, S80, S83, T87, S94, S110, T115, S118, Y125, T141, S153, S162, T170, S173, T182, Y188, T191, S193, T196, S210, S235, S241, S268, T309, Y320, T344, Y359, T366, Y373, S380, T392, T400, S404, Y405, S409, T417, T427, T434, T442"
tr_A0A0H2ZLU4_A0A0H2,"Y10, Y18, T23, Y35, T89, S96, T106, S109, T118, T122, T123, S127, S144, T150, Y169, Y180, Y197"
tr_A0A0H2ZLV2_A0A0H2,"S5, S18, T21, S34, S42, S43, S49, S59, T63, S78, S86, S106, S116, T130, T131, S145, S155, S156, T189, S210, S214, T222, S234, T242, S246, S249, S253, T255, S258, T260, T261, S264, T265, S276, S284, T307, S308, T322, S323, S335, Y340, S359, S363, T375, T380"
tr_A0A0H2ZLV3_A0A0H2,"S5, S13, T16, T32, T34, S59, S62, Y66, S68, Y70, T76, S96, T100"
tr_A0A0H2ZLY8_A0A0H2,"S2, S9, S22, T35, Y46, T154, T160, T188, S200, S235, T251, S272, S276, T277, T280, S287, S315"
tr_A0A0H2ZLY9_A0A0H2,"T15, S28, Y56, S67, Y74, Y77, T88, S90, S108, S119, T150, Y151, T172, Y178, S189, S212, S215, T218, T238"
tr_A0A0H2ZM04_A0A0H2,"S9, Y13, T20, Y31"
tr_A0A0H2ZM16_A0A0H2,"S10, S21, T30, S34, T35, Y45, S49, S51"
tr_A0A0H2ZM26_A0A0H2,"S15, T17, Y26, S28, S33, S35, T51, S52, S53, T58, Y65, Y82, S96, S110, Y113, Y116, S124, Y144, T198, T202, Y208, Y210, S212, T218, S222, T228, T240, Y243, T245, S247, S254, S282, T286, Y295, S302"
tr_A0A0H2ZM36_A0A0H2,"Y9, T19, Y21, S23, S35, S66, Y68, Y77, Y92, S109, T113, S116, T130, S132, Y137, S144, T149, T150, S151, Y152, T157, S166, T177, T183, S191, T193, S198, Y202, S207, Y209, S236, S250, S259, Y260, S277, T295, Y301, Y312, S330, T331, T332, S361, S362, S363, S388, Y390, Y404, S438, T450, T453, T479, Y481, Y492, Y498, T504, S523, S524, Y527, S528, S535, T539, T567, S584, Y597, S611, S623, Y629, S636, T645, S648, S676, T677, S684, S698, S707, T724, S726, S728, S739, S741, S754, S756, S763"
tr_A0A0H2ZM71_A0A0H2,"T6, S10, S16, S18, T22, T40, Y44, S66, S77, T101, S104, S119, S124, T127, T161, S202"
tr_A0A0H2ZMC4_A0A0H2,"T4, T16, S64, S66, S67, T86, S90, T91, S93, S111, T172, T173, S177, Y178, S185, S193, Y199, Y209, T213, S223, S245, S249, T263"
tr_A0A0H2ZMD3_A0A0H2,"Y25, T32, T40, T45, S66, S76, S86, S96"
tr_A0A0H2ZMD7_A0A0H2,"T12, S94, T109, T112, S122, Y126, T129, T136, T137, T148, T151, T155, S168"
tr_A0A0H2ZMF2_A0A0H2,"T4, T14, Y21, Y30, T33, S39, S59, S67, S71, S73, S88, T89, S98, S101, Y107, S110, T117, T119, S136, T138, T140"
tr_A0A0H2ZMK2_A0A0H2,"S8, T11, T35, Y62, S76, S79, Y85, T90, Y93, S110, T112"
tr_A0A0H2ZMK4_A0A0H2,"S5, T7, T46, S70, T81, S104, S108, T117, S118, S126, S151, Y160, Y181, S182, T196, Y197, Y198, T202, S207, T216, T221, T228, Y263, T269"
tr_A0A0H2ZMK9_A0A0H2,"T17, S24, S35, T42, S63, T75, T126, T140, T148, S152, S181, T235, Y240, T249, T263, T268, S302, S311, S318, T334, S338, T343, S345, T383, S395, S398, Y415, T416, T419"
tr_A0A0H2ZML8_A0A0H2,"S5, S10, S12, S28, Y51, Y57, T63, Y64, T81, Y89, S102, Y111, T114, S119"
tr_A0A0H2ZMP8_A0A0H2,"S8, Y17, S23, S38, T46, S56, T60, S68, S80, S91, S102, S105, Y106, S109, S116, T160, Y163, S176, S177, T191, S212, T234, T235, T240, S245, Y257, T263, S265, T268, T270, S276, T281, S289, S290, S298, S301, S305, S308, S310, S314, T342, S344"
tr_A0A0H2ZMQ1_A0A0H2,"T2, Y4, T12, S28, S52, T90, S99, T101, S120, S122, S127, S155, Y161, S174, Y219, Y229, T269, S294"
tr_A0A0H2ZMQ5_A0A0H2,"S2, S39, S44, T58, T86, T90, S96, T116, S137, T183, S185"
tr_A0A0H2ZMQ6_A0A0H2,"S14, S34, T48, S73, S112, S122, S123, T126, Y128, T151, S185, S215, Y221, T223, S250, Y256, S262, T266, S277, S292, Y299, Y306, T313, T314, S316"
tr_A0A0H2ZMT1_A0A0H2,"T7, S8, Y33, S35, T40"
tr_A0A0H2ZMV9_A0A0H2,"S18, S22, Y24, S46, S66, T70, T81, S85, Y95"
tr_A0A0H2ZMW1_A0A0H2,"S10, S11, S14, S21, T37, T38, Y42, T51, Y62, Y90, T96, S99, T100, S101, T104, T118, S119, S138, Y146, S151, S158, S172, S185, Y197, S198, S199, S214, T217, S218, S226, T233, S236, S252, T255, Y268, S282, S286"
tr_A0A0H2ZN02_A0A0H2,"T2, T7, T15, Y74, T75, T81, S87, S97, T108"
tr_A0A0H2ZN21_A0A0H2,"T23, S27, S31, S34, Y45, T52, T55, Y74, T75, S90, Y92, S109, S133, T140, T148, Y165, S168, S185, T209, Y223, S236, S240, Y251, S258, T270, Y278, Y296, Y299, S300, T301, T314, Y321, T341, Y344"
tr_A0A0H2ZN95_A0A0H2,"T41, T47, S56, T79, T92, S135, T147, Y162"
tr_A0A0H2ZNC7_A0A0H2,"T19, S24, S41, T72, S73, S74, S75, S88, T100, T125, S127, Y140, S156, T188, S192, T220, S228, S233, T244"
tr_A0A0H2ZND5_A0A0H2,"T6, S10, T44, T82, Y90, T105, S129, T142, T149, S178, S186, S219, T220, S240, T248, S260, T272, S282, S296, S300, T313, S331, T346, T348, S349, S374, T411, T453, S459, T460"
tr_A0A0H2ZND6_A0A0H2,"T14, T15, Y30, T57, T66, T68, S72, S74, S141, T154, T169, S182, Y191, T203, T207, S208, T215, Y219, S222, S238, S260, S262, S264, T271, T300, Y306, Y326"
tr_A0A0H2ZNG4_A0A0H2,"S9, T16, S31, S61, T92, Y94, S109, S124, T144, S172, Y220, Y222, Y240, Y249, Y266"
tr_A0A0H2ZNK5_A0A0H2,"S2, S5, S49, S50, T59, S61, Y68, S80, S88, T96, S98, T115, S126, S131, S152, T170, S192, S198, S202, Y204, S206, S243, S261, T268, S269, S273, S275, T278, S284, S293, T299, S308, S311, T326"
tr_A0A0H2ZNM8_A0A0H2,"S4, S12, T16, S17, Y18, S20, Y38, S52, T62, S67, T74, S86, T107, S113"
tr_A0A0H2ZNP2_A0A0H2,"S32, T48, T58, T60, Y73, T86, Y94, S95, Y112, S116, T120, S121, S122, S124, S126, T156, S163, T164, T165, T168, T186, S193, S220, T230, S248, S267, S292, S294, Y302"
tr_A0A0H2ZNP5_A0A0H2,"T9, S24, S25, T36, S47, S52, S71, Y79, Y81, Y106, S137, S153, S190, T192, T194, S218, T219, T222, S232, T252, T264"
tr_A0A0H2ZNQ6_A0A0H2,"T19, S22, S31, S41, S55, S56, S70, T88, Y98, T107, S112, T129, T134, T135, Y141, S153, S161, S172, Y196, T203, Y237, Y239, Y249, T251, S268, T282, T295, S303, S319, T330, Y338, T342"
tr_A0A0H2ZNR5_A0A0H2,S40
tr_A0A0H2ZNT3_A0A0H2,"S20, T30, S33, S34, T53, S72, S79, S99, T105, T127, T147, T153, S164, S168, T183, S222, T226, S248, S255, S272"
tr_A0A0H2ZNU2_A0A0H2,"Y12, Y26, S40, S48, S56, S60, S61, T84, S98, S102, Y103, S105, Y112, Y119, T122, T140, S142, T150, Y182, S192, Y196, T221, T245, T249, T273, S274, S326, Y328"
tr_A0A0H2ZNU3_A0A0H2,"S11, S26, S28, S36, T47, S50, S54, Y56, S65, S83, S108, T113, S123, S133, T136, S143, S153, S161, Y164, T165, Y171, Y176"
tr_A0A0H2ZNV4_A0A0H2,"S21, S24, T29, T39, S47, S51, Y69, Y86, S99, Y105, S115, S128, Y144, T158, T174, T176, S179, S180, T196, Y232, S252, T266, T290, S291, S293, T302, S303, S306, S322, S326, T349, Y355, S366"
tr_A0A0H2ZNW9_A0A0H2,"S21, T33, S56, T73, S74, Y75, S82, Y85, Y130, S144, Y151, S167, S171, T177, S178, T180, S181, T191, T205, S220, T226, T230, S236, T237, T241, Y243, S271, S283, S287, T291, T301, S302, S329"
tr_A0A0H2ZNZ4_A0A0H2,"S19, S31, T56, S63, S71, T79, T86, S88, T92, Y118, T136, T141, S157, T165, T169, S178, T190, Y197, S203, T222, Y227, T229, S238, T246, S256, S265, S266, T269, S288, S296, T297, Y318, Y328, S334, T337"
tr_A0A0H2ZP04_A0A0H2,"S20, S24, T25, T43, Y69, S72, T79, S80, S83, S92, T105, S112, S121, S123, S127, T135, T137, S139, S141, S147, T173, S177, T190, S192, S197, S205, S230, S243, S250, S251, S252, S263, S281, T306, S337, S339, T365, T381, T385, T423, Y436, S462"
tr_A0A0H2ZP10_A0A0H2,"S3, T9, S27, S34, T35, T39, S56, S57, Y59, T84, Y115, S120, T124, S147, T151, S161, S172, S187, S198, S205, S207"
tr_A0A0H2ZP16_A0A0H2,"T8, S17, Y31, S38, S52, S67, S70, S73, S79, S91, Y92, T95, S114, S115, S116, S120, T122, S125, S127, Y132, S161, S177"
tr_A0A0H2ZP17_A0A0H2,"S19, S40, Y44, T56, T60, S77, T80, S85, Y121, S126, S140, S172, S202, S206, S215, Y224, T228, Y232, S236, S254, S265, S284, S305, S333, S353, S361, S389"
tr_A0A0H2ZP28_A0A0H2,"S20, T24, T31, T36, T42, S47, Y63, Y64, S83, S117, S121, T124, Y144, S145, Y150, S151, T164, T170, Y185, T199, Y201, S221, S224, Y229, Y236"
tr_A0A0H2ZP29_A0A0H2,"T8, T22, T40, T41, S47, Y66, S77, S91, Y101, Y107, S109, S116, S131, T142"
tr_A0A0H2ZP34_A0A0H2,"S17, Y21, Y40, T65, S68, S82, S122, T124, S147, T157, S174, S183, Y214, T221, S224, S231, S238, S248, T254, S260, T266, S284, S320, S336, Y370, T407, S424, T438, T451, S461, Y464, S473, S485, S507, T522, T529, S554, S570, Y571, S582, T591, T593, S609, S618, S643, S646, S647"
tr_A0A0H2ZP45_A0A0H2,"Y29, S55, T64, T70, T74, T79, S88, T90, Y111, T121, T123, S140, S155, S163, Y170, Y203, S218, Y224, S228, S233, S241, T247, Y248, T271, T300, S301, T316, T318, S325, S326, Y330, S336, S345, S347, S367, T369, S376, S379, Y384, S398, S440, S443, T444, S446, T461, Y475, S488, Y489, T512, T543, T553, T560, S566, S569, T574, S598"
tr_A0A0H2ZP46_A0A0H2,"S19, S46, S49, T64, T65, T70, S75, T89, T105, S108, T111, S114, S122, Y126, S131"
tr_A0A0H2ZP54_A0A0H2,"T10, S12, S15, T16, T74, S93, T107, S110, T113, S116, S146, S153"
tr_A0A0H2ZP55_A0A0H2,"S7, Y9, T26, T27, S29, S30, T34, S56, S59, T67, S73, S85, S90, T93, T113, S122, S125, S137, S141, S155, S157, T170, S179, S186, Y190, S206, S210, S212, S215, S244, Y247, T253, S257, S272"
tr_A0A0H2ZP64_A0A0H2,"T2, S7, T11, S18, S31, T38, Y47, T51, T76, S77, Y82, S94, Y106, S107, S110, T112, S124, T125, Y145, T176, S190"
tr_A0A0H2ZP77_A0A0H2,"T4, S9, S11, S14, T15, S43, T57, S111, S134, T136, Y141, T153, S171, S174"
tr_A0A0H2ZP87_A0A0H2,"S15, T17, T37, T39, S56, S69, T77, S80, T84, S89, Y114, S121, T141, S144, S155, T170, T182, T199, T210, S223, S244, S258, S259, T279, T289, T290, T291, S299, Y319, S343, S344, Y345, T385, Y388, S393, T409, T410"
tr_A0A0H2ZPC3_A0A0H2,"S11, S16, T62, T63, S93, S105, S113, S123, Y128, S133, S136, Y144, T150, Y207, T217, T242, T263, Y272, Y281, S285, T303, S313, S336, S353, S361, Y363, T366, T378, T393, T406, S424, T465, S467, S482, S489, T492, S493"
tr_A0A0H2ZPD7_A0A0H2,"T19, T21, Y23, S27, S56, Y70, T77, S99, T103, S110, T121, S128, S136, T161, S171, S196"
tr_A0A0H2ZPD9_A0A0H2,"S8, T10, Y11, T24, T73, S75, Y78, S99, S101, T115, Y131, S132, S133, T139"
tr_A0A0H2ZPE3_A0A0H2,"S19, Y24, S34, Y43, S45, S59, T67, S69, S78, T81, T104, S112, S117, S134, T156, S164, S174, S175, T177, T184, T200, T226, T230, Y235"
tr_A0A0H2ZPG2_A0A0H2,"S2, Y8, S17, T18, S20, S23, S55, S58, T62, T68, T84, S86, T102, Y126, T156, S157, T159, T188, T203, Y215, T217, S231, S254, Y255, Y258"
tr_A0A0H2ZPH9_A0A0H2,"S14, S17, Y30, Y34, T35, T42, T48, S64, T72, T84, S99, S107, Y121, T157, T170, S181, S184, T197, T204, S218"
tr_A0A0H2ZPJ6_A0A0H2,"T2, S19, S29, T34, S51, S64, S66, S69, S84, S94, S95, T100, S109, T113, S117"
tr_A0A0H2ZPP3_A0A0H2,"S15, T17, T21, S25, S26, S29, S30, S37, T40, S44, S49, S51, S53, S65, S86, S87, Y90, T121, S127, S130, S134, S153, S157, T170, Y171, Y183, T185, T186, Y188, Y193, T195, S205, Y212, S223, Y228, Y229"
tr_A0A0H2ZPP4_A0A0H2,"S17, S37, S53, S63, T91, Y106, T111, T115, Y129, S144, S146, S160, S162, S168, S210, T216, S219, S221"
tr_A0A0H2ZPP7_A0A0H2,"S3, S6, S24, S37, S40, T42, S44, S47, S49, S60, S64, T81, S85, S96, T97, S107, S111, S112, S113, S114, S116, S124, T127, S135, T158, T163, T173, S175, S218, T243, T250"
tr_A0A0H2ZPQ8_A0A0H2,"T11, S49, T50, S60, S77, S86, T96, T101, S125, T147, S153, S161, T166, Y218, S245, Y248"
tr_A0A0H2ZPR2_A0A0H2,"Y43, S48, S65, Y76, Y112, T120, Y128, T137, Y149, T181, Y182, T207, T216, T238, T243, T248, S249, Y252, S264, S275, S277, T289, Y293, T328, T354, Y356, T360, Y373, T397, Y405, Y428, S431, T441"
tr_A0A0H2ZPR5_A0A0H2,"Y12, S22, T26, Y27, Y50, Y62, T69, T82, T83, S109, Y127, S145, T158, T162, S165, S166, T176, S188"
tr_A0A0H2ZPS8_A0A0H2,"T32, S50, S53, S62, T67, S103, T126, S138, T143, S189, S191, S194, Y200, S216, Y221, Y227, S228, Y232, S237, Y242, S266, S269, S290, Y297, S298, S302, T310, Y315, Y345, S355, Y364, S370, S372, S375, T376, S391, S400, S403, S418, S424, Y426, T437, T463, S467, Y471, S473, S490, S501, S531, T532, S544, S552, S558, Y563, S565, S572, S579"
tr_A0A0H2ZPT7_A0A0H2,"S7, Y66, S70, T81, Y84, S85, T101, T155, S163, Y168, T169, T187, S191, Y195, Y199, S211, S214, S216, T225, Y246, S248, T313, Y318, S324, S351, S355, Y358, Y363, S378, S396, S401, T409, Y411, S416, S424, Y426, S431, T446, Y449, T468, S483, T490, T506, Y518, T521, S539, T541, S552, S555, T557, T571, S583, S593"
tr_A0A0H2ZPT9_A0A0H2,"T40, T47"
tr_A0A0H2ZPW1_A0A0H2,"T5, S14, T25, S27, S31, S32, S43, S62, S65, Y67, Y73, S77, S79, Y83, T93, S95, T101, T117, Y122, S134, T140, S172, T176, T182, T188, Y197, S208, Y215, S227, T234, Y239, S245, Y260, T262, S264, T272, S282, Y292, S305, S306, T308, S313, S315, T323, T324, S326, S333, T340, T342, S345, S349, S353, S360, T361, S370, Y393, S408, Y410, S434"
tr_A0A0H2ZPW6_A0A0H2,"S2, T13, S14, S31, S41, S72, T82, T138, S176, T178, T187, T192, T198, Y205, T222, T225, S245, S257, S296, T297, S315"
tr_A0A0H2ZPW7_A0A0H2,"S25, S33, S34, T35, S38, T40, S44, S53, T92, S103, S104, S106, Y110, S111, T114, S118, S121, S127, S129, S130, T144, T164, S173, S175, T181, T195, T220, S253, S269, S274, Y276, S284, S301, T305, S309, Y313, S314, Y316, S335, T342, T343, S362, Y388, T392, T393, S400, T417, Y443, T454, S457, S460, T461, T488, S501, T504, T508, S516, T524, Y544, Y549, S553, T563, Y571, T573, Y580, S587, S625, S626, T629, T630, T631, T637, T654, S666, T667, T671, S683, S685, Y690, S694, Y696, S722, S731, T732, S740, T752, T754, S755, T766, S767, S775, Y779, S784, S789, T792, S794, S795, S796, S797, S798, S799, S800, S801, S802, S803, S804, S806, S807, S809, S810, T811, T812, S815, S816, S817"
tr_A0A0H2ZPX7_A0A0H2,"Y10, S47, Y52, T64, S71, T82, S106, T119, T128, T130, S133"
tr_A0A0H2ZPY9_A0A0H2,"S15, Y22, Y26, S35, T53, Y61, Y70, S83, S104, S115, Y120, Y130, T136, Y138, S147, Y150, S159, Y194"
tr_A0A0H2ZPZ3_A0A0H2,"S2, S5, Y30, S56, T89, T109, Y130, T139, S140, T158, S165, S167, T196, T224"
tr_A0A0H2ZQ12_A0A0H2,"T6, S7, T8, T9, S14, S30, T50, S61, T128, T133, S134, S163, S170, S174, S177, T226, T240, T245, S281, S291, S302, S315, T331, S334, T340, S349, T351, Y353, S367, S370, S392, S401, T405, S407, S415, T417, T434, S441, T452, S454, S457, S489, Y491, S509, Y523, S546, Y550, T598, S602, S607, S616, S624, S628, T630, S665, T678, Y684, S687, S694, S701, T721, S725, S727, S734, T759"
tr_A0A0H2ZQ14_A0A0H2,"T6, S15, S20, S26, T27, S43, T56, T60, T62, T66, Y74, T79, S82, T93, T96, S99, S100, T102, S115, S117, Y122, S126, Y145, T162, S169, Y219, T242, Y261, S288, S298, T307, T327, T356, S357, T368, S383, T392, S403, Y421, T425"
tr_A0A0H2ZQ32_A0A0H2,"T4, S23, S40, S58, T67, S91, Y93, T97, T103, T119, S134, Y140, T175, T177, T188, S211, S216, T217, S242, T266, T268, Y288"
tr_A0A0H2ZQ50_A0A0H2,"S8, S13, S18, T63, S64, S71, S90, T92, S113, S125, Y126, S137, S165, S171, S176, S180, S211"
tr_A0A0H2ZQ54_A0A0H2,"S20, S27, Y31, T60, S84"
tr_A0A0H2ZQ69_A0A0H2,"S12, T20, Y48, S60, T62, S67, S68, S70, T83, S117, T132, S143, T151, Y155, S167"
tr_A0A0H2ZQ95_A0A0H2,"T4, T17, T46, T49, T56, T57, Y71, T81, T83, T94, S99, Y101"
tr_A0A0H2ZQA0_A0A0H2,"S5, Y8, S11, T45, S54"
tr_A0A0H2ZQB0_A0A0H2,"T63, S103, Y109, S131, S167, S171, T184, S186, Y190, T194, S208, T211"
tr_A0A0H2ZQC9_A0A0H2,"S5, S6, S13, S23, S31, Y46, T69, S75, S119, T127"
tr_A0A0H2ZQD0_A0A0H2,"T6, T8, S27, S32, S46, T59, S70, T71, Y81, S88, T95, T98, T100, T101, S108, T124, S139, T150, S172, T187, T195, S201, S205, T211, S218, S219, Y223, S225, T226, T263, S270, T273, S279, T290, T297, S303, T304, S316, T325, S343, S370, T382, S392, S393, S412, S426, S435"
tr_A0A0H2ZQE7_A0A0H2,"Y11, T14, S35, Y43, S54, Y79, S83, Y90, S98, Y102, S130, T132, S134, S144, S157, S163, S180, T190, Y196, Y232, T258, T288, T293, S299, S305, T310, S326, Y335, S340, S345, S365, S385, S387, S389, Y395, Y399, S416"
tr_A0A0H2ZQF2_A0A0H2,"S25, T27, T28, T36, S39, T42, T44, Y46, S57, T62, S65, S73, T78, S85, S90, Y94, T121, S134, S139, S165, S166, S192, S194, Y229, S244, S265, S269, T309, T314, S318, T356, T366, T371, T403, S410, T452, T475"
tr_A0A0H2ZQL9_A0A0H2,"S3, T10, T13, S18, T20, S38"
tr_A0A0H2ZQV2_A0A0H2,"S9, S11, T24, S40, S43, S47, S63, T116, T153, S157, T160, S164, S168, S226, T264, S280, T311, S318, S324, T339, S342, Y356, S358, S374, S386"
tr_A0A0H2ZR21_A0A0H2,"S5, Y7, S11, T25, S30, T31, S32, Y41, T44, S56, Y59, S69, S79, S82, S87, T88, T94, T104, S110, T123, T128, S149, S163, S168, T170, S171, T175, S189, S197, S199, T217, T221, T226, T227, S234, S235, T236, S237, S239, S240, T241, S242, S243, S244, S245, T247, S248, S249, S250, T251, T254, S255, S256"
tr_A0A0H2ZR27_A0A0H2,"Y30, S42, S48, Y75"
tr_A0A0H2ZR42_A0A0H2,"S36, S41, T43, T61, T77, Y82, S86, S96, S112, T118, S123, S131, S132, S137, S166, S194, T201, T211, Y217, S218, S225, S232, S250"
tr_A0A0H2ZR86_A0A0H2,"S12, T41, S52, T66, T86, T89, S92, S96, S110, T114, Y123, S125, S131, Y142, Y145, Y159, T191, S203, T207, S208, Y218, T234, Y240, S252, S259, S274, S285, T290, Y313, T317, Y323, T348, T353, S355, S358, S372, T412, S446, T450, S454, S484, S486, S487, S488, S489, Y512, T521, T526, T529"
tr_A0A0H2ZR90_A0A0H2,"S9, S21, S24, S26, S32, T35, T51, S55, T57, S62, T71, T79, S80, S98, S162, T166, T168, S178, T184, S196, T205, T207, S220, S221, T237, S245, S247, T248, T249, S255, S257, S264, T265, S271, S287, T296, S305, S307, S310, S324, T358, S365, T398, S401, Y409, S416, T421"
tr_A0A0H2ZRB0_A0A0H2,"T2, S8, S17, T21, S70, S80, T99, S113, Y143, S154, T156, S182, Y198, Y235, T244, T246, S283, T286, T294, S299, S312, S321, S327, Y330, S332, S361, S369, S373"
tr_A0A0H2ZRB1_A0A0H2,"S17, S25, S51, Y64, S66, Y69, Y78, S85, S90, S110, S113"
tr_A0A0H2ZRC8_A0A0H2,"S4, Y33, T34, T36, T40, S48, S64, T65, T84, T94, Y101, S104, T117, Y131, S135, S154, T159, S180, T188, T194, T210, S212, S217, S229, S252, Y275, T276, T277, S279, Y285, S296, S316, Y322, T328, S331, Y336, Y342, S349, T351, S362, T367, T368, S394, S404"
tr_A0A0H2ZRD8_A0A0H2,"S8, S23, S30, S35, T48, T49, Y60, T96, T105, S113, T119, S121, S143, S166, T170, S173, Y176, Y185, S187, S192, T225, Y227, S231, Y235, Y240, T261"
tr_A0A0H2ZRH8_A0A0H2,"T25, S29, T34, S46, S48, T55, Y63, Y72, Y75, T87"
tr_A0A0H2ZRI1_A0A0H2,"S11, Y13, S15, S49, T70, T81, S87, Y88"
tr_A0A0H2ZRI4_A0A0H2,"S4, S18, S26, T28, S37, S43, S52, Y101, S119, S126, S128, S153, Y154, T167, S175, T197, T199, T201, S210, S212, T215, Y220, S234, Y259, T279, T294, T310, S330, S333, S334, S347, T351, S352, S359, S361, S362, S363, T373, T392, S399, T405, S406, S411, S412, S426, Y427, T449, T480, S481, T495, T504, T512, T518, T520, T521, T543, S547, T560, T584, T603, T641, S644, S648, S658, S691, T701, T707, T725, S774, T776, Y783, S790"
tr_A0A0H2ZRJ7_A0A0H2,"Y39, T56, S71"
tr_A0A0H2ZRU3_A0A0H2,"S6, T19, T21, S31, T55, T69, S76, Y78, S80, T96, S105, Y110, S129, S137, S163, T170, T184, S189, S196, T198, T201, T216, Y223, S225, Y226, S227, S238, T251, T264, T269, S272, T284, S287, Y292, S298, T300, S314, S334, T347, T366, S382, S399, Y403, S405, S418, S426, S436, S438, S468, S471, Y504, T507"
tr_Q04MA3_Q04MA3_STR,"Y4, S18, Y41, S86, S91, T108, S124, T125, Y129, T150, T153, Y155, S158, S159, Y161, S162, S163, T164, S178, Y192, S211, S235, T242, T249, Y278, T282, Y291, T309, T318, T323, Y340, T343"
tr_Q9ZII6_Q9ZII6_STR,"S7, Y20, Y21, S31, S42, S53, T54, S77, T93, S103, S121, S123, S136, T141, Y148, S172, T176, T196, T210, S211, Y215, S217, Y218, Y221"
