ID,Phosphorylated residue
sp|P37214|ERA_STRMU,Y271;Y294;Y299
sp|Q8CWX6|METE_STRMU,S705;Y195
sp|Q8DTS9|ENO_STRMU,T393;S397
sp|P10249|SUCP_STRMU,S280;T287;Y331
sp|P08987|GTFB_STRMU,S48;S51;T57;S705;Y103;Y847;Y896;Y981;Y1078;Y1139;Y1141;Y1142;Y1335
sp|P49331|GTFD_STRMU,T232;S318;S359;T361;S366;Y183;Y380;Y673;Y862;Y1184
sp|P13470|GTFC_STRMU,S328;S731;Y873;Y922;Y1007;Y1210
sp|P10539|DHAS_STRMU,T95;S96;Y257
sp|Q05888|UDPK_STRMU,T19;T21;S22
sp|P11701|LSC_STRMU,S122;T123;T142;T685;S718;S728;Y151
sp|Q59938|ACNA_STRMU,S685;Y246
sp|Q8CWX8|FTSY_STRMU,T171;S189;S192;Y138
sp|Q8DSQ6|IXTPA_STRMU,
sp|Q03174|FRUA_STRMU,S553;S1317;S1381;S1383;Y747;Y909;Y1043;Y1044
sp|P23504|SPAP_STRMU,S704;T866;T869;T871;T910;T980;S1446;S1503;S1504;T1507;S1508;T1509;Y449;Y975;Y1513
sp|Q8DT66|RNC_STRMU,S41
sp|Q8DSX2|GLMU_STRMU,Y138;Y173
sp|Q8DTX6|PFKA_STRMU,Y41
sp|Q8DU67|GLYA_STRMU,S131;Y55
sp|Q8DU94|KPRS2_STRMU,S206;S207;Y190;Y319
sp|Q8DT76|ADDA_STRMU,T267;T271;S516;S517;T821;S822;T1010;S1012;Y611;Y968
sp|Q8DUP4|CARA_STRMU,Y322
sp|Q8DUP3|CARB_STRMU,T5;T53;S199;S449;S546;S553;Y295;Y316;Y829;Y922;Y962
sp|Q8DVG8|RLMN_STRMU,T77;Y6;Y316
sp|Q8DW15|GSHAB_STRMU,Y192;Y221;Y464
sp|Q8DW43|ILVC_STRMU,Y7
sp|Q8DW19|PTC_STRMU,Y74
sp|Q8DWM2|KPRS1_STRMU,S260
sp|Q8DWG1|PYRG_STRMU,T68;S403;Y43
tr|I6L8Y0|I6L8Y0_STRMU,
sp|O70055|DLTC_STRMU,
tr|I6L928|I6L928_STRMU,
sp|O68575|PFLA_STRMU,T238;Y254
sp|O68579|PPAC_STRMU,
sp|P09738|SODM_STRMU,
sp|P05428|TRMFO_STRMU,T40;T45;S327;Y32;Y269;Y324
sp|P26283|LDH_STRMU,S55;T61;Y226
sp|P12655|PTS3B_STRMU,T270
sp|P26425|LACD1_STRMU,Y288
sp|P26426|PTLA_STRMU,
sp|P27624|RECA_STRMU,S130;S134;S175;S192;S194;T378;Y78
sp|P45596|PTHP_STRMU,
sp|P45595|PT1_STRMU,Y346
sp|P27756|AGAL_STRMU,S120;S121;S123;T155;T223;S373;Y66
sp|P50976|PTLCB_STRMU,Y503;Y548
sp|P50978|LACG_STRMU,Y53;Y437;Y441
sp|P59125|RS5_STRMU,T123;S124;S126;S129;T131;S159;S161
sp|P55045|FPG_STRMU,S25;Y126
sp|P59156|RSMA_STRMU,
sp|P59161|GPMA_STRMU,Y130;Y138
sp|P59255|PLSY_STRMU,
sp|P59311|ARGC_STRMU,Y200
sp|P72478|PUR8_STRMU,S274;T278;Y158;Y372
sp|P72479|OPPF_STRMU,Y273
sp|P72483|EFTU_STRMU,Y73;Y80;Y91;Y331;Y336
sp|P72484|TPIS_STRMU,T106
sp|P95778|RMLA_STRMU,
sp|P72481|UVRA_STRMU,S531;S691;T696;S699
sp|P95780|RMLB_STRMU,
sp|P95783|ATPL_STRMU,
sp|P95781|MUTX_STRMU,S45;S98
sp|P95785|ATPF_STRMU,
sp|P95787|ATPA_STRMU,S141;T416;Y286;Y292
sp|P96993|GAL1_STRMU,S276;Y188
sp|P95789|ATPB_STRMU,S63;S121;S126;Y235;Y338
sp|P95803|DDL_STRMU,Y83
sp|P96995|GALE_STRMU,S181
sp|Q02420|PTMA_STRMU,
sp|Q54433|COAC_STRMU,
sp|Q54431|SRP54_STRMU,T384
sp|Q53526|DLTA_STRMU,Y430
sp|Q59928|ARGD_STRMU,
sp|Q54443|DEXT_STRMU,T156;T740;T761;S766;T798;S800;S803;S805;S807
sp|Q59931|GAPN_STRMU,S58;S60;Y44;Y46
sp|Q59940|IDH_STRMU,
sp|Q8CWW5|CH10_STRMU,
sp|Q59934|PFL_STRMU,T559;S642;S681;S763;Y192;Y541;Y555;Y557;Y738
sp|Q8CVC6|PRSA_STRMU,
tr|Q7ZAL0|Q7ZAL0_STRMU,T177;S179;T182;T184;S491;S492;S495;S586;S588;S591;S809;S810;S814;S852;Y232;Y259;Y1154
sp|Q8CWX1|SYFA_STRMU,S115;Y143
sp|Q8CWW6|CH60_STRMU,T107;T183;Y159;Y201;Y217
sp|Q8CWX2|SYFB_STRMU,T530
sp|Q8CWX9|PEPT_STRMU,T14;T18;T369;Y320
sp|Q8CWX7|UVRB_STRMU,S96;Y97;Y98
sp|Q8CWY0|SYA_STRMU,S660
sp|Q8CWY4|NADE_STRMU,S244
tr|Q8CWY3|Q8CWY3_STRMU,S150;S152;S365;S391;S392;S420;S423;Y177;Y432
sp|Q8CWZ0|ASSY_STRMU,S97;S353;S356;Y70;Y215
sp|Q8CWZ1|UPPP_STRMU,
sp|Q8CWZ6|TIG_STRMU,
sp|Q8DRR1|SYW_STRMU,
sp|Q8DRS4|MNMA_STRMU,T44;T190;Y129
tr|Q8DRR2|Q8DRR2_STRMU,Y348;Y450
tr|Q8DRS9|Q8DRS9_STRMU,T181;Y289
sp|Q8DS08|DTD_STRMU,
sp|Q8DRT7|ILVD_STRMU,T32;S522
sp|Q8DS33|KAD_STRMU,
sp|Q8DRV9|SYD_STRMU,S171;T172;S196;Y191
sp|Q8DS36|RPOA_STRMU,Y176;Y273
sp|Q8DS44|SYY_STRMU,S330;S339
sp|Q8DS57|ACKA_STRMU,
sp|Q8DS90|DER_STRMU,Y240;Y246
sp|Q8DS47|RPOC_STRMU,S9;T117;T252;S253;S311;S927;S1200;T1206;Y25;Y162;Y259;Y1005
sp|Q8DSB7|SYS_STRMU,S423;S426
tr|Q8DSC4|Q8DSC4_STRMU,
sp|Q8DSC8|RNH3_STRMU,S74
tr|Q8DSC6|Q8DSC6_STRMU,T491;Y527;Y693
sp|Q8DSD1|MUTS2_STRMU,T217;T505;S698;Y708;Y760
sp|Q8DSF4|ALR_STRMU,
sp|Q8DSG4|GATC_STRMU,S15
sp|Q8DSF0|SECA_STRMU,S37;S211;T258;S646;Y409
sp|Q8DSG3|SYDND_STRMU,T356;S365;S368;Y189
sp|Q8DSJ7|ISPT_STRMU,
sp|Q8DSJ9|SYP_STRMU,S430;Y167;Y174
sp|Q8DSN0|FABM_STRMU,T200;Y179;Y183
tr|Q8DSM8|Q8DSM8_STRMU,T358
sp|Q8DSL1|SYV_STRMU,T378;S522;S524;Y677
sp|Q8DSN2|FABH_STRMU,S36;T38;S46;S48;T51;S52;S197;S198
tr|Q8DSP0|Q8DSP0_STRMU,
tr|Q8DSP1|Q8DSP1_STRMU,S5
sp|Q8DSP4|MURC_STRMU,T302;S304;Y142;Y231;Y232
sp|Q8DSP8|YIDC2_STRMU,
tr|Q8DSR4|Q8DSR4_STRMU,T100;S102
sp|Q8DST2|MURE_STRMU,S280;Y28;Y265;Y268
sp|Q8DST6|UPP_STRMU,T57;T60;Y193
tr|Q8DSP6|Q8DSP6_STRMU,S110;S113;T115;T341;T347;T348;T534;T537;S541;Y326;Y327;Y543;Y546;Y589
sp|Q8DST7|CLPP_STRMU,
sp|Q8DSU6|KTHY_STRMU,Y106
tr|Q8DSV7|Q8DSV7_STRMU,S10;S16
tr|Q8DSV9|Q8DSV9_STRMU,
sp|Q8DSV3|SERC_STRMU,T287;S288;S292;Y130;Y147;Y286
tr|Q8DSW8|Q8DSW8_STRMU,Y91;Y354
sp|Q8DSX7|FTSK_STRMU,S129;S300;S303;T309;S705;S753;Y702
sp|Q8DSY1|PYRH_STRMU,
sp|Q8DSZ0|COAE_STRMU,
sp|Q8DT12|SYT_STRMU,S114;T295;Y172;Y290;Y294;Y468
tr|Q8DT18|Q8DT18_STRMU,Y175
sp|Q8DT23|METK_STRMU,Y267;Y289;Y293;Y364
sp|Q8DT24|MURA2_STRMU,
tr|Q8DT38|Q8DT38_STRMU,T278;Y126;Y190
tr|Q8DT31|Q8DT31_STRMU,Y151;Y272
sp|Q8DT49|DNLJ_STRMU,T340;S520;Y15;Y483
sp|Q8DT53|GLGC_STRMU,
sp|Q8DT52|GLGB_STRMU,S160;S163;T596
sp|Q8DT87|MIAA_STRMU,T132;S134;S160;Y273
sp|Q8DT57|MURA1_STRMU,
sp|Q8DT90|RNZ_STRMU,
sp|Q8DT95|APT_STRMU,Y6;Y35;Y92
sp|Q8DT96|METAA_STRMU,
tr|Q8DTC2|Q8DTC2_STRMU,Y3;Y135
tr|Q8DTC4|Q8DTC4_STRMU,S134
tr|Q8DTC3|Q8DTC3_STRMU,
sp|Q8DTC6|GLMM_STRMU,S99;S101;Y377
sp|Q8DTG1|URK_STRMU,S153;S156;T208;Y59
sp|Q8DTC7|CLPB_STRMU,T432;S434;T436;S521;Y327;Y347
sp|Q8DTF3|LEPA_STRMU,S587;S590
tr|Q8DTG2|Q8DTG2_STRMU,S23;S138;Y84;Y493;Y517
sp|Q8DTE3|CAS9_STRMU,S318;S1067;T1110;S1198;Y362;Y1031;Y1113
sp|Q8DTG3|LEU3_STRMU,
sp|Q8DTG4|LEUC_STRMU,Y314
sp|Q8DTM1|NOAT_STRMU,
sp|Q8DTN6|NRNA_STRMU,S294;Y302
sp|Q8DTN8|ADD_STRMU,S4;S51
tr|Q8DTQ2|Q8DTQ2_STRMU,Y645
tr|Q8DTQ8|Q8DTQ8_STRMU,
sp|Q8DTQ7|HISX_STRMU,Y392
sp|Q8DTR1|HIS5_STRMU,S39
sp|Q8DTR3|HIS6_STRMU,
sp|Q8DTR4|HIS3_STRMU,S5
sp|Q8DTT9|RPIA_STRMU,
sp|Q8DTT8|MNME_STRMU,Y263
sp|Q8DTU0|DEOB_STRMU,S227;T232;S268;S270;S290;Y310
tr|Q8DTU6|Q8DTU6_STRMU,
sp|Q8DTU9|PYRK_STRMU,S54;Y168;Y173
tr|Q8DTV0|Q8DTV0_STRMU,S174
sp|Q8DTV1|PYRF_STRMU,
sp|Q8DTV2|PYRE_STRMU,Y176
tr|Q8DTV9|Q8DTV9_STRMU,
tr|Q8DTW0|Q8DTW0_STRMU,T158;T345;S351;S415;T419
tr|Q8DTW7|Q8DTW7_STRMU,S205;S240;S242;Y209
tr|Q8DTW6|Q8DTW6_STRMU,Y261
sp|Q8DTY0|GLMS_STRMU,S242;Y385
tr|Q8DU16|Q8DU16_STRMU,S236;T238;S239;Y139
tr|Q8DTY6|Q8DTY6_STRMU,T396;T495;T496;S661;Y182;Y432
sp|Q8DU23|PSTB2_STRMU,T205;Y261
sp|Q8DU24|PSTB1_STRMU,S25
tr|Q8DU33|Q8DU33_STRMU,Y46
sp|Q8DU34|DEOC_STRMU,T154;S157;T185;S187
tr|Q8DU26|Q8DU26_STRMU,Y523
sp|Q8DU63|KITH_STRMU,Y187
tr|Q8DU41|Q8DU41_STRMU,S414;T628;S629;S631;Y152;Y574;Y579
tr|Q8DU65|Q8DU65_STRMU,
sp|Q8DU81|GUAA_STRMU,Y111;Y504
sp|Q8DU98|NADK_STRMU,T86;Y245
tr|Q8DUC2|Q8DUC2_STRMU,T7
sp|Q8DUE1|RNH2_STRMU,Y118;Y167;Y212
sp|Q8DUE5|DAPA_STRMU,
tr|Q8DUD3|Q8DUD3_STRMU,S61;S325;S375
sp|Q8DUF7|POTA_STRMU,
sp|Q8DUF8|MURB_STRMU,T196
sp|Q8DUG2|GCH1_STRMU,
sp|Q8DUI4|TYSY_STRMU,
sp|Q8DUI0|CLPX_STRMU,S101
sp|Q8DUI9|IDI2_STRMU,
sp|Q8DUK3|TPX_STRMU,S70
sp|Q8DUK7|QUEC_STRMU,S77;Y210
tr|Q8DUK9|Q8DUK9_STRMU,T131
sp|Q8DUL0|QUEF_STRMU,
sp|Q8DUL9|DAPB_STRMU,
sp|Q8DUL8|CCA_STRMU,S108
sp|Q8DUP5|PYRB_STRMU,
sp|Q8DUQ0|LSPA_STRMU,
sp|Q8DUR1|THII_STRMU,T215;S393;Y160;Y163;Y195
sp|Q8DUU2|OBG_STRMU,Y88
tr|Q8DUV7|Q8DUV7_STRMU,
tr|Q8DUS6|Q8DUS6_STRMU,Y165
sp|Q8DUV8|AROA_STRMU,
sp|Q8DUW1|AROC_STRMU,T73;S288;S338
sp|Q8DUW2|AROB_STRMU,
sp|Q8DUW3|AROE_STRMU,T15
sp|Q8DUW4|AROD_STRMU,Y173
sp|Q8DUW8|SYK_STRMU,Y48
tr|Q8DV09|Q8DV09_STRMU,T410;Y141;Y143
sp|Q8DV23|KCY_STRMU,
sp|Q8DV44|ARGB_STRMU,
sp|Q8DV10|CAPP_STRMU,S110;T112;S348;S351;Y430;Y545
sp|Q8DV45|ARGJ_STRMU,Y45
sp|Q8DV70|NAGB_STRMU,
tr|Q8DV90|Q8DV90_STRMU,S85;Y104
tr|Q8DV96|Q8DV96_STRMU,
tr|Q8DVA1|Q8DVA1_STRMU,S67;Y222
tr|Q8DVC0|Q8DVC0_STRMU,Y257
sp|Q8DVC1|FOLD_STRMU,T256
tr|Q8DVD9|Q8DVD9_STRMU,S366;S413;S414;S416;S419;Y147;Y247;Y334
sp|Q8DVE2|MURG_STRMU,S336
sp|Q8DVD3|SYI_STRMU,T509;S513;Y152;Y251
sp|Q8DVE3|MURD_STRMU,S316
tr|Q8DVE5|Q8DVE5_STRMU,T355;T539;S611;Y504
sp|Q8DVF6|TRPD_STRMU,S115;S162;S243;S246;T248
sp|Q8DVH2|COAD_STRMU,
sp|Q8DVL3|RECU_STRMU,Y41;Y42;Y76
tr|Q8DVK3|Q8DVK3_STRMU,S40;T136;S203;S206;Y149;Y267
tr|Q8DVM2|Q8DVM2_STRMU,Y105
sp|Q8DVM4|MRAY_STRMU,
sp|Q8DVN0|PROB_STRMU,
sp|Q8DVQ4|TRMB_STRMU,Y19
sp|Q8DVR7|DPO4_STRMU,S245;Y267
sp|Q8DVT0|TSAD_STRMU,Y196
sp|Q8DVS2|PEPX_STRMU,S260;Y174
sp|Q8DVV2|PGK_STRMU,
tr|Q8DVV3|Q8DVV3_STRMU,
tr|Q8DVW0|Q8DVW0_STRMU,
sp|Q8DVW1|RSGA_STRMU,
sp|Q8DVX3|YIDC1_STRMU,Y116;Y119
sp|Q8DVX9|SYE_STRMU,S313;S315
sp|Q8DVZ3|TGT_STRMU,T47;S49
sp|Q8DW14|PURA_STRMU,Y136
tr|Q8DW01|Q8DW01_STRMU,S356;T509;Y136;Y345
tr|Q8DW26|Q8DW26_STRMU,S176;S177;S178;S272;S274;T343;S345;S348;Y89;Y95
tr|Q8DW42|Q8DW42_STRMU,T21;Y328
tr|Q8DW44|Q8DW44_STRMU,
tr|Q8DW45|Q8DW45_STRMU,S178;T182;T183;S415;S494;T495
sp|Q8DWC2|DEF_STRMU,
sp|Q8DWA9|SYC_STRMU,S212
sp|Q8DWB2|PNP_STRMU,T554;S712;Y159
sp|Q8DW88|URDA_STRMU,S290;T373;T731;Y299;Y729
tr|Q8DWE8|Q8DWE8_STRMU,
tr|Q8DWE2|Q8DWE2_STRMU,
sp|Q8DWH1|TRUA_STRMU,Y241
sp|Q8DWH2|DNAJ_STRMU,S152;T330;T335;T337;Y46
sp|Q8DWI4|RUVB_STRMU,Y311
tr|Q8DWL0|Q8DWL0_STRMU,
tr|Q8DWJ4|Q8DWJ4_STRMU,S272
sp|Q8DWK8|PUR9_STRMU,
sp|Q8DWL1|PUR5_STRMU,Y193;Y324
tr|Q8DWL3|Q8DWL3_STRMU,S92;S192;Y464;Y479
sp|Q8DWL9|PLSX_STRMU,T58;S64;S328
sp|Q8DWM8|HGPRT_STRMU,
sp|Q93D83|GPDA_STRMU,
tr|Q8DWM7|Q8DWM7_STRMU,S417;Y43;Y539
sp|Q93DA2|METN_STRMU,T62;S83
sp|Q99040|DEXB_STRMU,Y63
sp|Q9KIJ3|MTSA_STRMU,Y66;Y290
sp|Q9X670|G6PI_STRMU,S242;S243;S247;Y177
sp|Q9KJ75|PTMCB_STRMU,T295;S348;T446;Y542
sp|Q9ZA56|HPRK_STRMU,S254;Y46;Y47
tr|G1XVC0|G1XVC0_STRMU,
tr|G1XVB9|G1XVB9_STRMU,S36;S247;T248;Y83
tr|I6L8X6|I6L8X6_STRMU,
tr|I6L8Z0|I6L8Z0_STRMU,S377
tr|I6L8Y7|I6L8Y7_STRMU,Y119
tr|I6L8Z3|I6L8Z3_STRMU,Y62
tr|I6L8Z4|I6L8Z4_STRMU,
tr|I6L8Z5|I6L8Z5_STRMU,Y220;Y229;Y230
tr|I6L903|I6L903_STRMU,T109;Y5;Y163;Y286
tr|I6L906|I6L906_STRMU,Y228;Y229
tr|I6L915|I6L915_STRMU,
tr|I6L905|I6L905_STRMU,
tr|I6L920|I6L920_STRMU,
tr|I6L921|I6L921_STRMU,
tr|I6L922|I6L922_STRMU,T61;S63;Y276
tr|I6L923|I6L923_STRMU,Y13
tr|I6L927|I6L927_STRMU,
tr|I6L930|I6L930_STRMU,S3;Y189
sp|O06940|HRCA_STRMU,T58;S59;S60;Y88;Y341
sp|O06941|GRPE_STRMU,S78
sp|O07329|CCPA_STRMU,S101;S102;S160
sp|O06942|DNAK_STRMU,T268;S269;S271;S591;S592;S594;Y119
sp|O33662|SIGA_STRMU,
sp|O69155|XERS_STRMU,
sp|P11000|WAPA_STRMU,T351;S352;S354;S355
sp|P26421|LACC_STRMU,Y298;Y302
sp|P26422|LACR_STRMU,Y205;Y246
sp|P13522|SCRB_STRMU,Y474;Y475
sp|P26423|LACA_STRMU,
sp|P26424|LACB_STRMU,
sp|P29337|BCCP_STRMU,T30;T33;T35;T36;S49;T51;S53;T57
sp|P48853|RS10_STRMU,
sp|P34001|Y988_STRMU,Y65;Y371
sp|P59133|RS4_STRMU,Y100
sp|P59378|RS11_STRMU,
sp|P59167|RS12_STRMU,S19;S21
sp|P59186|RS3_STRMU,
sp|P66308|RL36_STRMU,
sp|P66474|RS18_STRMU,Y17
sp|P59388|CODY_STRMU,S6;T8;T12;S13;S18
sp|P66531|RS21_STRMU,T28
sp|P72477|ABCX_STRMU,Y105
sp|P72482|LGT_STRMU,S43;Y141
sp|P95786|ATPD_STRMU,
sp|P95784|ATP6_STRMU,T107
sp|P95790|ATPE_STRMU,
sp|P95788|ATPG_STRMU,
sp|P96468|Y1061_STRMU,
sp|P96994|GALT_STRMU,T347;Y429
sp|Q00749|MSME_STRMU,T319;S347;Y40;Y137
sp|Q00750|MSMF_STRMU,
sp|Q00751|MSMG_STRMU,
sp|Q00752|MSMK_STRMU,T229;Y234
sp|Q00753|MSMR_STRMU,S32
sp|Q02418|MTLD_STRMU,Y202
sp|Q07211|SCRK_STRMU,
sp|Q02425|MTLR_STRMU,S224;S233;Y383;Y583
sp|Q54430|SCRR_STRMU,T189;Y28;Y108
sp|Q59925|FTHS_STRMU,S183
sp|Q59935|MANA_STRMU,Y190
sp|Q59939|CISY_STRMU,S356;Y261
sp|Q7ZAK8|SCPA_STRMU,
sp|Q7ZAK9|SCPB_STRMU,
tr|Q8CVC3|Q8CVC3_STRMU,
sp|Q8CWW3|RUVA_STRMU,
sp|Q8CWW2|SYH_STRMU,
sp|Q8CWW4|CPFC_STRMU,S94;S304
tr|Q8CVC5|Q8CVC5_STRMU,S626;S628;S631;S635;Y553;Y701
tr|Q8CWW8|Q8CWW8_STRMU,S155;Y159
sp|Q8CWX0|GLGA_STRMU,Y409
tr|Q8CWW9|Q8CWW9_STRMU,T699;S745;S748;Y622;Y626
sp|Q8CWX4|UVRC_STRMU,Y30;Y425
sp|Q8CWY6|SYGA_STRMU,Y203;Y237
sp|Q8CWY5|SYGB_STRMU,S65;S68;Y114;Y283
sp|Q8CWZ3|HSLO_STRMU,S101
tr|Q8CZF0|Q8CZF0_STRMU,Y102
tr|Q8CWZ4|Q8CWZ4_STRMU,
tr|Q8CWZ7|Q8CWZ7_STRMU,
tr|Q8CWY9|Q8CWY9_STRMU,S238;S547;S551;S552;S883;S904;S911;T959;T1029;S1032;S1036;S1056;Y575;Y587;Y733;Y1428
tr|Q8CZF2|Q8CZF2_STRMU,Y106
sp|Q8DRQ7|RLMH_STRMU,Y157
tr|Q8DRR8|Q8DRR8_STRMU,Y54
sp|Q8DRR3|RECF_STRMU,S56;S127;S129
sp|Q8DRR9|ECFA1_STRMU,
sp|Q8DRS0|ECFA2_STRMU,
tr|Q8DRS1|Q8DRS1_STRMU,
sp|Q8DRS8|RL9_STRMU,Y25
sp|Q8DRS6|MNMG_STRMU,T2;T184;S211;Y311;Y348;Y412
tr|Q8DRS7|Q8DRS7_STRMU,Y308
sp|Q8DRV7|RL32_STRMU,T18;T23;Y20
tr|Q8DRU8|Q8DRU8_STRMU,
tr|Q8DRW3|Q8DRW3_STRMU,
sp|Q8DRW6|ARGR_STRMU,
sp|Q8DRW2|SYR_STRMU,Y542
sp|Q8DRX8|YQGF_STRMU,
sp|Q8DRX0|MUTL_STRMU,T344;S434;T447
sp|Q8DRW8|MUTS_STRMU,Y461
tr|Q8DRY5|Q8DRY5_STRMU,
tr|Q8DRY2|Q8DRY2_STRMU,S212;S336;T360;S491;Y250;Y284;Y378;Y479
sp|Q8DRY7|ZUPT_STRMU,
tr|Q8DRZ0|Q8DRZ0_STRMU,T2;Y222;Y259;Y300
sp|Q8DS02|PRMA_STRMU,S36;Y39;Y266
tr|Q8DS03|Q8DS03_STRMU,
tr|Q8DRZ6|Q8DRZ6_STRMU,S217;S222
sp|Q8DS11|RS2_STRMU,Y54
tr|Q8DS05|Q8DS05_STRMU,T571
tr|Q8DS07|Q8DS07_STRMU,Y239;Y669
sp|Q8DS12|EFTS_STRMU,
sp|Q8DS19|RL22_STRMU,S96;S98
sp|Q8DS16|RL3_STRMU,
tr|Q8DS14|Q8DS14_STRMU,S188;S684;S686;Y4;Y154;Y689
tr|Q8DS18|Q8DS18_STRMU,
tr|Q8DS17|Q8DS17_STRMU,
sp|Q8DS21|RL29_STRMU,
sp|Q8DS20|RL16_STRMU,
sp|Q8DS22|RS17_STRMU,
sp|Q8DS23|RL14_STRMU,Y76
sp|Q8DS24|RL24_STRMU,
sp|Q8DS25|RL5_STRMU,Y9
sp|Q8DS26|RS14Z_STRMU,
sp|Q8DS30|RL30_STRMU,T7;T9;S11
sp|Q8DS27|RS8_STRMU,S23
sp|Q8DS28|RL6_STRMU,Y168
sp|Q8DS29|RL18_STRMU,
sp|Q8DS31|RL15_STRMU,
sp|Q8DS34|IF1_STRMU,Y60
sp|Q8DS35|RS13_STRMU,
tr|Q8DS32|Q8DS32_STRMU,Y360
sp|Q8DS37|RL17_STRMU,S11
sp|Q8DS40|ISPE_STRMU,
tr|Q8DS51|Q8DS51_STRMU,Y61;Y91;Y92
tr|Q8DS61|Q8DS61_STRMU,S220
tr|Q8DS45|Q8DS45_STRMU,T121;S125;S129;S269;Y200;Y217;Y271;Y349;Y774
tr|Q8DS62|Q8DS62_STRMU,
sp|Q8DS46|RPOB_STRMU,S16;T448;S485;T569;Y242;Y505;Y1032;Y1052
tr|Q8DS68|Q8DS68_STRMU,
tr|Q8DS70|Q8DS70_STRMU,Y171
tr|Q8DS79|Q8DS79_STRMU,T281;Y247
tr|Q8DS82|Q8DS82_STRMU,
sp|Q8DS88|NRDR_STRMU,S80;S81;S82
tr|Q8DS80|Q8DS80_STRMU,S220;S254;Y106;Y249;Y253
tr|Q8DSC3|Q8DSC3_STRMU,
sp|Q8DS85|SYL_STRMU,Y665
tr|Q8DSD2|Q8DSD2_STRMU,
tr|Q8DSC1|Q8DSC1_STRMU,S203;S207;S665;Y414;Y758;Y759
tr|Q8DSC7|Q8DSC7_STRMU,T169
sp|Q8DSD7|RS6_STRMU,
tr|Q8DSD4|Q8DSD4_STRMU,S215;T315;S317;T322;Y166;Y377
sp|Q8DSD8|SSB_STRMU,T139;S147
tr|Q8DSE5|Q8DSE5_STRMU,
sp|Q8DSE7|EFP_STRMU,Y55;Y182
sp|Q8DSE9|NUSB_STRMU,
tr|Q8DSF1|Q8DSF1_STRMU,T321
sp|Q8DSF3|ACPS_STRMU,Y49
tr|Q8DSF2|Q8DSF2_STRMU,T321;Y338
tr|Q8DSF5|Q8DSF5_STRMU,Y72;Y464
tr|Q8DSF7|Q8DSF7_STRMU,S132;Y122;Y124
tr|Q8DSG1|Q8DSG1_STRMU,Y16
sp|Q8DSG5|GATA_STRMU,Y341
sp|Q8DSG6|GATB_STRMU,S218;Y138;Y140;Y438
sp|Q8DSI6|NADD_STRMU,
tr|Q8DSI8|Q8DSI8_STRMU,
tr|Q8DSH1|Q8DSH1_STRMU,S68
sp|Q8DSJ2|TMCAL_STRMU,
sp|Q8DSK1|NTDP_STRMU,S134;S135;Y124
sp|Q8DSK2|RECX_STRMU,S205
sp|Q8DSK3|Y1779_STRMU,S274;Y183;Y188;Y399
tr|Q8DSL6|Q8DSL6_STRMU,S139;S237;T609;T614;S621;Y80;Y238;Y667
tr|Q8DSM5|Q8DSM5_STRMU,
tr|Q8DSM1|Q8DSM1_STRMU,S213;Y164;Y165;Y166
tr|Q8DSN3|Q8DSN3_STRMU,
tr|Q8DSL7|Q8DSL7_STRMU,T185;Y82;Y233;Y241
tr|Q8DSN5|Q8DSN5_STRMU,
sp|Q8DSN8|FABZ_STRMU,
tr|Q8DSN7|Q8DSN7_STRMU,T6;S7;S8;S82
tr|Q8DSN6|Q8DSN6_STRMU,S329;S330
tr|Q8DSN9|Q8DSN9_STRMU,S352;Y378
sp|Q8DSP7|GREA_STRMU,S40;S45;S48;Y6
tr|Q8DSP9|Q8DSP9_STRMU,
sp|Q8DSQ5|MURI_STRMU,S134;S206;Y166;Y220
sp|Q8DSQ9|XERDL_STRMU,T93;Y22;Y24
tr|Q8DSR0|Q8DSR0_STRMU,S214
tr|Q8DSR8|Q8DSR8_STRMU,Y203
tr|Q8DSS4|Q8DSS4_STRMU,S32;S46;S49;S52;T53;Y399
tr|Q8DST4|Q8DST4_STRMU,Y238
tr|Q8DST5|Q8DST5_STRMU,S221
tr|Q8DSU1|Q8DSU1_STRMU,S169;S172
tr|Q8DSU3|Q8DSU3_STRMU,
tr|Q8DSV0|Q8DSV0_STRMU,
tr|Q8DSX5|Q8DSX5_STRMU,S196
tr|Q8DSV1|Q8DSV1_STRMU,S74
tr|Q8DSV6|Q8DSV6_STRMU,
tr|Q8DSX6|Q8DSX6_STRMU,
sp|Q8DSX9|RL11_STRMU,
sp|Q8DSY0|RL1_STRMU,S228;Y46
sp|Q8DSY2|RRF_STRMU,S68
sp|Q8DSY4|MSRA_STRMU,
sp|Q8DSY7|YBEY_STRMU,
sp|Q8DSZ3|RL33_STRMU,
tr|Q8DSZ4|Q8DSZ4_STRMU,S30;S36
sp|Q8DSZ5|SSRP_STRMU,Y19
tr|Q8DSZ8|Q8DSZ8_STRMU,Y109
tr|Q8DT03|Q8DT03_STRMU,
tr|Q8DT00|Q8DT00_STRMU,
tr|Q8DT05|Q8DT05_STRMU,
tr|Q8DT08|Q8DT08_STRMU,S185;Y198
tr|Q8DT16|Q8DT16_STRMU,S359;S529
tr|Q8DT27|Q8DT27_STRMU,
tr|Q8DT30|Q8DT30_STRMU,
tr|Q8DT45|Q8DT45_STRMU,S243
tr|Q8DT50|Q8DT50_STRMU,T45;S50;S80;T343;Y259
tr|Q8DT51|Q8DT51_STRMU,Y199;Y505
tr|Q8DT64|Q8DT64_STRMU,S66;S450
tr|Q8DT55|Q8DT55_STRMU,Y516;Y696;Y730
tr|Q8DT80|Q8DT80_STRMU,T8;S11;S17
sp|Q8DT75|ADDB_STRMU,S392;T426;S488;S580;S583;S686;Y257;Y409;Y412;Y1054
tr|Q8DT88|Q8DT88_STRMU,
tr|Q8DTA1|Q8DTA1_STRMU,
tr|Q8DTA7|Q8DTA7_STRMU,
tr|Q8DTA6|Q8DTA6_STRMU,
tr|Q8DTA9|Q8DTA9_STRMU,S105;S228;T230;S231;T233;S342;T350;S352;Y496
tr|Q8DTB3|Q8DTB3_STRMU,Y316;Y390
tr|Q8DTB7|Q8DTB7_STRMU,S244
tr|Q8DTC8|Q8DTC8_STRMU,S238;Y284
tr|Q8DTD0|Q8DTD0_STRMU,
tr|Q8DTD3|Q8DTD3_STRMU,Y141;Y269
sp|Q8DTE5|CAS2_STRMU,T109
tr|Q8DTE4|Q8DTE4_STRMU,
sp|Q8DTG5|LEUD_STRMU,
tr|Q8DTF8|Q8DTF8_STRMU,S8;Y517
tr|Q8DTL0|Q8DTL0_STRMU,T121;Y226
tr|Q8DTK9|Q8DTK9_STRMU,T173;S174;S177;Y284
tr|Q8DTL3|Q8DTL3_STRMU,T2;Y189
tr|Q8DTL1|Q8DTL1_STRMU,S109;Y94
tr|Q8DTJ7|Q8DTJ7_STRMU,S192;S612;T614;S616;Y127;Y609;Y1610
sp|Q8DTM2|SYN_STRMU,S165;Y402
tr|Q8DTM0|Q8DTM0_STRMU,S323;S628;S630;Y332;Y749;Y751
sp|Q8DTM7|Y1306_STRMU,T143;T144;T147;T154;S156;S282
tr|Q8DTM8|Q8DTM8_STRMU,
sp|Q8DTM9|WHIA_STRMU,S29
sp|Q8DTN5|RL31B_STRMU,
tr|Q8DTN0|Q8DTN0_STRMU,S18;S51;S54;T293;S300;S306;Y391
sp|Q8DTN7|Y1296_STRMU,Y223;Y235
tr|Q8DTN9|Q8DTN9_STRMU,
sp|Q8DTP5|RL19_STRMU,
sp|Q8DTQ4|HIS8_STRMU,Y195
sp|Q8DTQ3|EZRA_STRMU,S164;S382
sp|Q8DTQ6|HIS1_STRMU,
sp|Q8DTQ9|HIS7_STRMU,
sp|Q8DTQ5|HISZ_STRMU,S86;T87
tr|Q8DTR6|Q8DTR6_STRMU,
sp|Q8DTR2|HIS4_STRMU,
tr|Q8DTS0|Q8DTS0_STRMU,Y222
tr|Q8DTU4|Q8DTU4_STRMU,
sp|Q8DTV8|UNG_STRMU,
tr|Q8DTW3|Q8DTW3_STRMU,Y148
tr|Q8DTW9|Q8DTW9_STRMU,S232;T265
tr|Q8DTX9|Q8DTX9_STRMU,S123;T128
tr|Q8DTX7|Q8DTX7_STRMU,
tr|Q8DTX5|Q8DTX5_STRMU,S337
tr|Q8DTY7|Q8DTY7_STRMU,S57;T282;Y256;Y330
tr|Q8DU14|Q8DU14_STRMU,S284;S294;S297;S298;Y49
sp|Q8DU15|TRUB_STRMU,T201;S203
sp|Q8DU17|SPX_STRMU,
tr|Q8DU19|Q8DU19_STRMU,
tr|Q8DU20|Q8DU20_STRMU,
tr|Q8DU21|Q8DU21_STRMU,T11;S12;S14;T253
tr|Q8DU25|Q8DU25_STRMU,
tr|Q8DU22|Q8DU22_STRMU,Y90
sp|Q8DU30|RS20_STRMU,
tr|Q8DU28|Q8DU28_STRMU,S215
tr|Q8DU29|Q8DU29_STRMU,Y44
sp|Q8DU31|COAA_STRMU,Y175
tr|Q8DU35|Q8DU35_STRMU,S83
tr|Q8DU55|Q8DU55_STRMU,
tr|Q8DU58|Q8DU58_STRMU,S102;S406;S411;S423;Y385
sp|Q8DU62|Y1087_STRMU,
tr|Q8DU61|Q8DU61_STRMU,S79;S84;Y159
sp|Q8DU64|RF1_STRMU,S297;T298;T301;Y179
tr|Q8DU66|Q8DU66_STRMU,
tr|Q8DU84|Q8DU84_STRMU,S319;T391;T395;T397
tr|Q8DU72|Q8DU72_STRMU,T142;S144;Y209
sp|Q8DU91|REX_STRMU,S16;Y55
tr|Q8DU85|Q8DU85_STRMU,S449
tr|Q8DU99|Q8DU99_STRMU,
tr|Q8DUA0|Q8DUA0_STRMU,S307;S310
sp|Q8DUC3|CITD_STRMU,
sp|Q8DUC9|CITG_STRMU,S275
tr|Q8DUC1|Q8DUC1_STRMU,Y259;Y269;Y270
tr|Q8DUD0|Q8DUD0_STRMU,S300
tr|Q8DUE2|Q8DUE2_STRMU,
tr|Q8DUF2|Q8DUF2_STRMU,S40;T474;S475;T476;S478;T641
tr|Q8DUF9|Q8DUF9_STRMU,
tr|Q8DUG0|Q8DUG0_STRMU,
tr|Q8DUG1|Q8DUG1_STRMU,Y6;Y31
tr|Q8DUG3|Q8DUG3_STRMU,
sp|Q8DUG9|RL7_STRMU,
sp|Q8DUG4|KHSE_STRMU,T165
tr|Q8DUG5|Q8DUG5_STRMU,S70;Y297;Y298
tr|Q8DUG6|Q8DUG6_STRMU,S197;T204;S209;S211
sp|Q8DUH2|RL10_STRMU,
sp|Q8DUH9|ENGB_STRMU,Y85;Y131
tr|Q8DUI2|Q8DUI2_STRMU,
tr|Q8DUH3|Q8DUH3_STRMU,T70;Y265;Y351;Y593
tr|Q8DUI6|Q8DUI6_STRMU,Y294
tr|Q8DUJ1|Q8DUJ1_STRMU,Y160;Y300
tr|Q8DUJ9|Q8DUJ9_STRMU,
tr|Q8DUK8|Q8DUK8_STRMU,Y81;Y137
tr|Q8DUL2|Q8DUL2_STRMU,
tr|Q8DUM7|Q8DUM7_STRMU,S72;Y68
sp|Q8DUN5|FENR_STRMU,Y13
tr|Q8DUM2|Q8DUM2_STRMU,T222;T223;Y6;Y572;Y573;Y595;Y748;Y751
sp|Q8DUN6|TRMD_STRMU,Y221
tr|Q8DUN2|Q8DUN2_STRMU,S237;S238;T243;Y245;Y309
sp|Q8DUN7|RIMM_STRMU,
tr|Q8DUN8|Q8DUN8_STRMU,T23;Y63
sp|Q8DUN9|RS16_STRMU,
sp|Q8DUP7|PYRR_STRMU,T68
tr|Q8DUP9|Q8DUP9_STRMU,Y247
tr|Q8DUQ2|Q8DUQ2_STRMU,
sp|Q8DUQ4|RL27_STRMU,Y49;Y93
sp|Q8DUQ6|RL21_STRMU,
tr|Q8DUQ8|Q8DUQ8_STRMU,S124
tr|Q8DUR4|Q8DUR4_STRMU,T72;Y75
tr|Q8DUS8|Q8DUS8_STRMU,
tr|Q8DUS5|Q8DUS5_STRMU,T254;S256;T263
tr|Q8DUR5|Q8DUR5_STRMU,Y5;Y7
tr|Q8DUT7|Q8DUT7_STRMU,S501;S504;Y220;Y238;Y356;Y357
sp|Q8DUV4|Y788_STRMU,Y60
tr|Q8DUV6|Q8DUV6_STRMU,Y170
tr|Q8DUV5|Q8DUV5_STRMU,S110;S243;S250;Y60;Y85
tr|Q8DUW0|Q8DUW0_STRMU,S207;Y29
sp|Q8DUX9|SPRTL_STRMU,
tr|Q8DUX1|Q8DUX1_STRMU,S11;S16;S88
sp|Q8DUY3|TCMPB_STRMU,Y92
sp|Q8DUY4|TCMPA_STRMU,
tr|Q8DUW6|Q8DUW6_STRMU,S162;S570;T591;S592;S594;S631;Y248;Y561
sp|Q8DV20|RL20_STRMU,Y45
sp|Q8DV21|RL35_STRMU,T6;S48;S52;Y28
sp|Q8DV22|IF3_STRMU,
tr|Q8DV08|Q8DV08_STRMU,T182
tr|Q8DV59|Q8DV59_STRMU,
tr|Q8DV43|Q8DV43_STRMU,T110;Y141;Y315
tr|Q8DV28|Q8DV28_STRMU,T94;Y234;Y243;Y811;Y815
tr|Q8DV48|Q8DV48_STRMU,S182;T188;S413;S420
tr|Q8DV42|Q8DV42_STRMU,S2;S682
tr|Q8DV71|Q8DV71_STRMU,
sp|Q8DV72|QUEA_STRMU,S25;S26
tr|Q8DV82|Q8DV82_STRMU,
tr|Q8DV76|Q8DV76_STRMU,T51;S54;Y162;Y175;Y178
sp|Q8DV98|FOLT_STRMU,T3;S7;S11
sp|Q8DV91|RF3_STRMU,
sp|Q8DV99|RECR_STRMU,
tr|Q8DVA3|Q8DVA3_STRMU,
sp|Q8DVB4|EX7S_STRMU,
tr|Q8DVB0|Q8DVB0_STRMU,S51;S59
tr|Q8DVB1|Q8DVB1_STRMU,S69;S74;Y60;Y62
sp|Q8DVB5|EX7L_STRMU,T253;Y122;Y312;Y334
sp|Q8DVB7|LYTR_STRMU,
sp|Q8DVB6|LYTS_STRMU,T213
sp|Q8DVC9|OTC_STRMU,
tr|Q8DVC3|Q8DVC3_STRMU,S217;S239
sp|Q8DVD7|SEPF_STRMU,T16;S20;S71;S85
tr|Q8DVD0|Q8DVD0_STRMU,Y309;Y312
tr|Q8DVD8|Q8DVD8_STRMU,
tr|Q8DVE0|Q8DVE0_STRMU,S118;T120
tr|Q8DVE1|Q8DVE1_STRMU,T83;T353
tr|Q8DVE8|Q8DVE8_STRMU,Y205
sp|Q8DVF2|TRPA_STRMU,
sp|Q8DVF3|TRPB_STRMU,Y35;Y78
sp|Q8DVF4|TRPF_STRMU,
sp|Q8DVF5|TRPC_STRMU,S57
tr|Q8DVH0|Q8DVH0_STRMU,Y117;Y120
tr|Q8DVF8|Q8DVF8_STRMU,Y379;Y437
tr|Q8DVI2|Q8DVI2_STRMU,S281;Y292;Y306;Y310
tr|Q8DVI3|Q8DVI3_STRMU,T190
tr|Q8DVI4|Q8DVI4_STRMU,Y254
tr|Q8DVI8|Q8DVI8_STRMU,S71
tr|Q8DVJ0|Q8DVJ0_STRMU,S148;Y7;Y77
tr|Q8DVJ2|Q8DVJ2_STRMU,T117;S120;Y305
tr|Q8DVJ3|Q8DVJ3_STRMU,S7
tr|Q8DVJ7|Q8DVJ7_STRMU,S425;Y58;Y350
tr|Q8DVJ9|Q8DVJ9_STRMU,Y264;Y266
tr|Q8DVK2|Q8DVK2_STRMU,Y86
sp|Q8DVK4|FMT_STRMU,
sp|Q8DVK5|RPOZ_STRMU,S33
tr|Q8DVK1|Q8DVK1_STRMU,S175;S180;S286;S289;S425;S426;S484;T490;S593;Y541
sp|Q8DVK6|KGUA_STRMU,
sp|Q8DVK7|RNY_STRMU,S121;S122;S129;S396;S452;S495
sp|Q8DVK8|LUXS_STRMU,
sp|Q8DVL1|GPSB_STRMU,S79
tr|Q8DVK9|Q8DVK9_STRMU,T143;S387;S394;S396;T397;S398;Y266;Y267
tr|Q8DVL5|Q8DVL5_STRMU,T133;Y174
tr|Q8DVL6|Q8DVL6_STRMU,
tr|Q8DVL7|Q8DVL7_STRMU,T93;Y122
tr|Q8DVL4|Q8DVL4_STRMU,S70;S72;T220;S221;T225;S228;T554;S555;Y210;Y213
tr|Q8DVM6|Q8DVM6_STRMU,Y84
sp|Q8DVM7|RSMH_STRMU,S121;Y71;Y97
tr|Q8DVM5|Q8DVM5_STRMU,S550;T552;S557;Y114;Y387;Y530
sp|Q8DVM9|PROA_STRMU,
tr|Q8DVN9|Q8DVN9_STRMU,Y13;Y23
sp|Q8DVP8|RBFA_STRMU,
tr|Q8DVP6|Q8DVP6_STRMU,Y300
tr|Q8DVQ2|Q8DVQ2_STRMU,S239;Y376
sp|Q8DVQ3|RIMP_STRMU,T96
sp|Q8DVP9|IF2_STRMU,T60;T62;S63;T481;S482;T698;S702
sp|Q8DVS3|Y394_STRMU,
tr|Q8DVR1|Q8DVR1_STRMU,
sp|Q8DVR0|BRPA_STRMU,Y337
tr|Q8DVT1|Q8DVT1_STRMU,Y126
sp|Q8DVU6|RPOY_STRMU,T10;S13;S14;Y7
tr|Q8DVU7|Q8DVU7_STRMU,T367
sp|Q8DVU8|Y367_STRMU,
sp|Q8DVV5|RS7_STRMU,Y85
tr|Q8DVU9|Q8DVU9_STRMU,
sp|Q8DVV4|EFG_STRMU,T294;S303;T382;Y32
sp|Q8DVX0|RL34_STRMU,S43
tr|Q8DVV9|Q8DVV9_STRMU,Y169;Y182
tr|Q8DVW8|Q8DVW8_STRMU,Y47;Y142
tr|Q8DVX2|Q8DVX2_STRMU,
sp|Q8DVX4|RNPA_STRMU,
sp|Q8DVX5|ARLY_STRMU,S431;S440;Y426
tr|Q8DVY3|Q8DVY3_STRMU,Y13
tr|Q8DVY2|Q8DVY2_STRMU,S77
tr|Q8DVY5|Q8DVY5_STRMU,
sp|Q8DVY6|DAPEL_STRMU,S354;S361
sp|Q8DVY7|DAPH_STRMU,
tr|Q8DVY9|Q8DVY9_STRMU,
tr|Q8DW04|Q8DW04_STRMU,S95;T100;Y174
tr|Q8DW16|Q8DW16_STRMU,T314
tr|Q8DVZ5|Q8DVZ5_STRMU,T298;S466;T792;Y875
sp|Q8DW17|AGUA_STRMU,
tr|Q8DW05|Q8DW05_STRMU,
sp|Q8DW33|MECA_STRMU,
tr|Q8DW30|Q8DW30_STRMU,S60
tr|Q8DW25|Q8DW25_STRMU,
tr|Q8DW35|Q8DW35_STRMU,
tr|Q8DW83|Q8DW83_STRMU,
sp|Q8DW97|RS9_STRMU,S125;S128;Y6
tr|Q8DW98|Q8DW98_STRMU,S90;S96;Y76;Y82
tr|Q8DWA8|Q8DWA8_STRMU,
tr|Q8DWB0|Q8DWB0_STRMU,Y204;Y205
sp|Q8DWB3|RS15_STRMU,Y69
tr|Q8DWC5|Q8DWC5_STRMU,S13;T377
tr|Q8DWC7|Q8DWC7_STRMU,T417;S419
tr|Q8DWD3|Q8DWD3_STRMU,S6;S70
tr|Q8DWB9|Q8DWB9_STRMU,S345;T446;S674;Y270;Y524
tr|Q8DWD4|Q8DWD4_STRMU,T118;Y125;Y481
tr|Q8DWD5|Q8DWD5_STRMU,T166
tr|Q8DWD6|Q8DWD6_STRMU,Y112;Y199
sp|Q8DWE1|RL28_STRMU,S50
tr|Q8DWE3|Q8DWE3_STRMU,S82;Y257
sp|Q8DWE5|LACD2_STRMU,S303
sp|Q8DWE0|DPO3_STRMU,S25;S988;S1437;Y1023
sp|Q8DWG2|RPOE_STRMU,S125;S133;T141;S153;S157;S160;Y61
tr|Q8DWG0|Q8DWG0_STRMU,T139
tr|Q8DWH0|Q8DWH0_STRMU,Y252
sp|Q8DWH8|Y072_STRMU,
tr|Q8DWI3|Q8DWI3_STRMU,
tr|Q8DWJ5|Q8DWJ5_STRMU,S90
tr|Q8DWH9|Q8DWH9_STRMU,S426;S457
tr|Q8DWJ7|Q8DWJ7_STRMU,
sp|Q8DWL6|PUR7_STRMU,
tr|Q8DWL8|Q8DWL8_STRMU,
tr|Q8DWK2|Q8DWK2_STRMU,S307;S361
sp|Q8DWM0|RECO_STRMU,
tr|Q8DWM1|Q8DWM1_STRMU,Y363
tr|Q8DWM4|Q8DWM4_STRMU,T65;S67;S113;S172
sp|Q8DWM9|TILS_STRMU,Y192;Y278
tr|Q8DWM3|Q8DWM3_STRMU,T264;T285;S300;S304;S371;T372;S374;Y120
tr|Q8DWN0|Q8DWN0_STRMU,Y88;Y115;Y261;Y262
sp|Q8DWN5|PTH_STRMU,Y80
tr|Q8DWN6|Q8DWN6_STRMU,S253;Y357
tr|Q8DWN8|Q8DWN8_STRMU,S186;T191;S195;S282;T300;S305;T373
tr|Q8DWN4|Q8DWN4_STRMU,S104;S213;Y519;Y524
sp|Q8DWN9|DNAA_STRMU,S89;T253;T404
sp|Q93D93|HTPX_STRMU,Y269
sp|Q93D95|RSMG_STRMU,
sp|Q9XB21|DBH_STRMU,T18
sp|Q93D97|Y1934_STRMU,S284
tr|I6L8X7|I6L8X7_STRMU,S83;S86;Y8;Y79;Y119;Y120
tr|I6L8X9|I6L8X9_STRMU,
tr|I6L8X8|I6L8X8_STRMU,
tr|I6L8Y1|I6L8Y1_STRMU,
tr|I6L8Y2|I6L8Y2_STRMU,
tr|I6L8Y3|I6L8Y3_STRMU,
tr|I6L8Y5|I6L8Y5_STRMU,
tr|I6L8Y4|I6L8Y4_STRMU,S202;S206;T302;Y75
tr|I6L8Y8|I6L8Y8_STRMU,S81;Y230
tr|I6L8Y6|I6L8Y6_STRMU,S446
tr|I6L8Z2|I6L8Z2_STRMU,S6
tr|I6L8Y9|I6L8Y9_STRMU,S227
tr|I6L8Z1|I6L8Z1_STRMU,T173
tr|I6L8Z6|I6L8Z6_STRMU,
tr|I6L8Z9|I6L8Z9_STRMU,
tr|I6L8Z7|I6L8Z7_STRMU,
tr|I6L8Z8|I6L8Z8_STRMU,Y207;Y220
tr|I6L900|I6L900_STRMU,
tr|I6L902|I6L902_STRMU,
tr|I6L904|I6L904_STRMU,Y305;Y306
tr|I6L907|I6L907_STRMU,S65;S66
tr|I6L901|I6L901_STRMU,S576
tr|I6L908|I6L908_STRMU,Y354;Y356
tr|I6L909|I6L909_STRMU,Y14
tr|I6L910|I6L910_STRMU,
tr|I6L911|I6L911_STRMU,
tr|I6L913|I6L913_STRMU,
tr|I6L912|I6L912_STRMU,Y109;Y259
tr|I6L914|I6L914_STRMU,
tr|I6L917|I6L917_STRMU,T20;Y61
tr|I6L916|I6L916_STRMU,S4;Y391;Y443
tr|I6L918|I6L918_STRMU,S83
tr|I6L924|I6L924_STRMU,
tr|I6L919|I6L919_STRMU,T455
tr|I6L925|I6L925_STRMU,
sp|P10540|LPAS_STRMU,
tr|I6L926|I6L926_STRMU,T170
tr|I6L929|I6L929_STRMU,S132;T136
sp|Q02419|YJDM_STRMU,
sp|P59154|Y1141_STRMU,Y71;Y74
tr|Q8CMD5|Q8CMD5_STRMU,S59;S169;Y45
tr|Q8CLZ8|Q8CLZ8_STRMU,S268;T274;S276;T278
tr|Q8CM14|Q8CM14_STRMU,
tr|Q8CVC8|Q8CVC8_STRMU,Y26
tr|Q8CVC4|Q8CVC4_STRMU,S241;S244;Y194
tr|Q8CWW7|Q8CWW7_STRMU,S121;Y157
tr|Q8CWX3|Q8CWX3_STRMU,
tr|Q8CVC7|Q8CVC7_STRMU,T76;T77;T79;T81;T114;S116;T118;S120;S187;S207;S285;S569;S570;T572;Y397;Y501;Y607
tr|Q8CWY2|Q8CWY2_STRMU,S124;Y84
tr|Q8CWX5|Q8CWX5_STRMU,
tr|Q8CWY7|Q8CWY7_STRMU,Y65
tr|Q8CWY1|Q8CWY1_STRMU,S344;T348;S350;S351;S354;T685;S700;S702;Y444;Y446;Y566;Y767
tr|Q8CWY8|Q8CWY8_STRMU,Y343
tr|Q8CWZ2|Q8CWZ2_STRMU,Y71
tr|Q8CWZ5|Q8CWZ5_STRMU,
tr|Q8CZF1|Q8CZF1_STRMU,Y232
tr|Q8DRQ5|Q8DRQ5_STRMU,S198;S242
tr|Q8DRQ8|Q8DRQ8_STRMU,Y5
tr|Q8DRQ6|Q8DRQ6_STRMU,S210;T212;Y86;Y88;Y105;Y167
tr|Q8DRR4|Q8DRR4_STRMU,
tr|Q8DRR0|Q8DRR0_STRMU,S67;S154;T157
tr|Q8DRR5|Q8DRR5_STRMU,
tr|Q8DRR6|Q8DRR6_STRMU,T13;S239;T247;T249;S251;Y87;Y108
tr|Q8DRQ9|Q8DRQ9_STRMU,Y773
tr|Q8DRR7|Q8DRR7_STRMU,S18;S77;S92;S148;S151;Y52;Y56;Y155
tr|Q8DRS2|Q8DRS2_STRMU,
tr|Q8DRS3|Q8DRS3_STRMU,
tr|Q8DRS5|Q8DRS5_STRMU,
tr|Q8DRT0|Q8DRT0_STRMU,S2
tr|Q8DRT1|Q8DRT1_STRMU,
tr|Q8DRT2|Q8DRT2_STRMU,
tr|Q8DRT4|Q8DRT4_STRMU,T2
tr|Q8DRT5|Q8DRT5_STRMU,
tr|Q8DRT6|Q8DRT6_STRMU,
tr|Q8DRT3|Q8DRT3_STRMU,T171;S264;T535;S559;S601;S603;S607;S790
tr|Q8DRT9|Q8DRT9_STRMU,Y174
tr|Q8DRT8|Q8DRT8_STRMU,
tr|Q8DRU0|Q8DRU0_STRMU,
tr|Q8DRU1|Q8DRU1_STRMU,
tr|Q8DRU2|Q8DRU2_STRMU,
tr|Q8DRU3|Q8DRU3_STRMU,
tr|Q8DRU4|Q8DRU4_STRMU,S142
tr|Q8DRU5|Q8DRU5_STRMU,
tr|Q8DRU6|Q8DRU6_STRMU,Y230
tr|Q8DRU7|Q8DRU7_STRMU,
tr|Q8DRU9|Q8DRU9_STRMU,S52
tr|Q8DRV0|Q8DRV0_STRMU,
tr|Q8DRV1|Q8DRV1_STRMU,
tr|Q8DRV6|Q8DRV6_STRMU,
tr|Q8DRV4|Q8DRV4_STRMU,
tr|Q8DRV5|Q8DRV5_STRMU,S28
tr|Q8DRV3|Q8DRV3_STRMU,
tr|Q8DRV2|Q8DRV2_STRMU,Y307;Y395;Y463
tr|Q8DRW4|Q8DRW4_STRMU,
tr|Q8DRW1|Q8DRW1_STRMU,Y234;Y243
tr|Q8DRW0|Q8DRW0_STRMU,
tr|Q8DRV8|Q8DRV8_STRMU,S104
tr|Q8DRW5|Q8DRW5_STRMU,S69;S71;Y74
tr|Q8DRW9|Q8DRW9_STRMU,
tr|Q8DRW7|Q8DRW7_STRMU,S2
tr|Q8DRX1|Q8DRX1_STRMU,Y14
tr|Q8DRX3|Q8DRX3_STRMU,
tr|Q8DRX4|Q8DRX4_STRMU,
sp|Q8DRX2|CINA_STRMU,S105
tr|Q8DRX5|Q8DRX5_STRMU,
tr|Q8DRX6|Q8DRX6_STRMU,
sp|Q8DRX7|Y2079_STRMU,
sp|Q8DRX9|Y2077_STRMU,
tr|Q8DRY0|Q8DRY0_STRMU,
tr|Q8DRY3|Q8DRY3_STRMU,
tr|Q8DRY4|Q8DRY4_STRMU,
tr|Q8DRY1|Q8DRY1_STRMU,
sp|Q8DRY6|Y2070_STRMU,
tr|Q8DRY8|Q8DRY8_STRMU,Y86
tr|Q8DRZ2|Q8DRZ2_STRMU,S50;S51;S52;S53
tr|Q8DRZ3|Q8DRZ3_STRMU,T125;S166
sp|Q8DRZ4|Y2059_STRMU,
tr|Q8DRY9|Q8DRY9_STRMU,S586;S587;S700;S796;S971;S972;Y590;Y680;Y681;Y685;Y693
tr|Q8DRZ1|Q8DRZ1_STRMU,S524;S526;Y97;Y466;Y634
tr|Q8DRZ5|Q8DRZ5_STRMU,Y46;Y47;Y49
tr|Q8DRZ8|Q8DRZ8_STRMU,T27;S35;Y153
tr|Q8DRZ7|Q8DRZ7_STRMU,S332;S335
tr|Q8DRZ9|Q8DRZ9_STRMU,Y4;Y151
tr|Q8DS00|Q8DS00_STRMU,
tr|Q8DS01|Q8DS01_STRMU,
tr|Q8DS04|Q8DS04_STRMU,S15;Y29
tr|Q8DS06|Q8DS06_STRMU,Y56
tr|Q8DS09|Q8DS09_STRMU,S14;S16;Y6
tr|Q8DS13|Q8DS13_STRMU,T2;S3;T6;S7
tr|Q8DS15|Q8DS15_STRMU,
tr|Q8DS10|Q8DS10_STRMU,S22;S23;S26;S30
tr|Q8DS38|Q8DS38_STRMU,S424;Y314
tr|Q8DS39|Q8DS39_STRMU,
tr|Q8DS41|Q8DS41_STRMU,
tr|Q8DS42|Q8DS42_STRMU,
tr|Q8DS43|Q8DS43_STRMU,T43;S45
tr|Q8DS48|Q8DS48_STRMU,
tr|Q8DS49|Q8DS49_STRMU,S72;S76;Y81;Y97;Y100
tr|Q8DS50|Q8DS50_STRMU,Y147
tr|Q8DS52|Q8DS52_STRMU,Y132
tr|Q8DS53|Q8DS53_STRMU,
tr|Q8DS54|Q8DS54_STRMU,S98
tr|Q8DS55|Q8DS55_STRMU,Y95;Y97
tr|Q8DS56|Q8DS56_STRMU,S118
tr|Q8DS58|Q8DS58_STRMU,
tr|Q8DS59|Q8DS59_STRMU,
tr|Q8DS60|Q8DS60_STRMU,
tr|Q8DS63|Q8DS63_STRMU,
tr|Q8DS64|Q8DS64_STRMU,Y7
tr|Q8DS65|Q8DS65_STRMU,S166;S172
tr|Q8DS66|Q8DS66_STRMU,Y32
tr|Q8DS67|Q8DS67_STRMU,
tr|Q8DS69|Q8DS69_STRMU,T202
tr|Q8DS71|Q8DS71_STRMU,S153
tr|Q8DS73|Q8DS73_STRMU,S135
tr|Q8DS74|Q8DS74_STRMU,
tr|Q8DS72|Q8DS72_STRMU,S372;S375;T379;Y139;Y284;Y316
tr|Q8DS75|Q8DS75_STRMU,
tr|Q8DS76|Q8DS76_STRMU,
tr|Q8DS77|Q8DS77_STRMU,
tr|Q8DS81|Q8DS81_STRMU,
tr|Q8DS83|Q8DS83_STRMU,T142;T148
tr|Q8DS84|Q8DS84_STRMU,T36;T251;S252;Y103
tr|Q8DS78|Q8DS78_STRMU,S118;T425;T560;S563;T565;Y269
tr|Q8DS86|Q8DS86_STRMU,
tr|Q8DS87|Q8DS87_STRMU,Y138;Y339;Y342
tr|Q8DS89|Q8DS89_STRMU,S141;T154;S157;T159;Y14
tr|Q8DS91|Q8DS91_STRMU,Y203
tr|Q8DS92|Q8DS92_STRMU,
tr|Q8DS93|Q8DS93_STRMU,
tr|Q8DS97|Q8DS97_STRMU,
tr|Q8DS95|Q8DS95_STRMU,
tr|Q8DS96|Q8DS96_STRMU,
tr|Q8DS98|Q8DS98_STRMU,
tr|Q8DS94|Q8DS94_STRMU,Y170;Y171;Y244
tr|Q8DS99|Q8DS99_STRMU,
tr|Q8DSA0|Q8DSA0_STRMU,
tr|Q8DSA1|Q8DSA1_STRMU,
tr|Q8DSA2|Q8DSA2_STRMU,
tr|Q8DSA3|Q8DSA3_STRMU,
tr|Q8DSA5|Q8DSA5_STRMU,
tr|Q8DSA4|Q8DSA4_STRMU,S75;S78;S82;S294;S300;T302;S305;S307;S308;T311;Y243
tr|Q8DSA6|Q8DSA6_STRMU,
tr|Q8DSA8|Q8DSA8_STRMU,
tr|Q8DSA7|Q8DSA7_STRMU,S54
tr|Q8DSB1|Q8DSB1_STRMU,
tr|Q8DSB0|Q8DSB0_STRMU,T141
tr|Q8DSB2|Q8DSB2_STRMU,
tr|Q8DSA9|Q8DSA9_STRMU,S221;Y358;Y361
tr|Q8DSB3|Q8DSB3_STRMU,
tr|Q8DSB5|Q8DSB5_STRMU,
tr|Q8DSB4|Q8DSB4_STRMU,
tr|Q8DSB6|Q8DSB6_STRMU,S27;S29
tr|Q8DSB8|Q8DSB8_STRMU,
tr|Q8DSB9|Q8DSB9_STRMU,
tr|Q8DSC0|Q8DSC0_STRMU,
tr|Q8DSC2|Q8DSC2_STRMU,S174
tr|Q8DSC5|Q8DSC5_STRMU,
tr|Q8DSC9|Q8DSC9_STRMU,
tr|Q8DSD0|Q8DSD0_STRMU,
tr|Q8DSD3|Q8DSD3_STRMU,T320;S322;S324;Y117;Y332
tr|Q8DSD5|Q8DSD5_STRMU,Y31
tr|Q8DSD6|Q8DSD6_STRMU,S5;S8;T10
tr|Q8DSD9|Q8DSD9_STRMU,Y59
tr|Q8DSE0|Q8DSE0_STRMU,
tr|Q8DSE1|Q8DSE1_STRMU,
tr|Q8DSE2|Q8DSE2_STRMU,T7;S54;T60
tr|Q8DSE3|Q8DSE3_STRMU,
tr|Q8DSE4|Q8DSE4_STRMU,T7;S13;S15
tr|Q8DSE8|Q8DSE8_STRMU,
tr|Q8DSE6|Q8DSE6_STRMU,T17
tr|Q8DSF6|Q8DSF6_STRMU,
tr|Q8DSF9|Q8DSF9_STRMU,Y130
tr|Q8DSF8|Q8DSF8_STRMU,
tr|Q8DSG0|Q8DSG0_STRMU,
tr|Q8DSG2|Q8DSG2_STRMU,
tr|Q8DSG7|Q8DSG7_STRMU,
tr|Q8DSG8|Q8DSG8_STRMU,T34;T38;S45;S49;Y22
tr|Q8DSG9|Q8DSG9_STRMU,
tr|Q8DSH2|Q8DSH2_STRMU,
tr|Q8DSH0|Q8DSH0_STRMU,S102;T222
tr|Q8DSH3|Q8DSH3_STRMU,T69;Y216
tr|Q8DSH4|Q8DSH4_STRMU,Y213
tr|Q8DSH5|Q8DSH5_STRMU,
tr|Q8DSH7|Q8DSH7_STRMU,
tr|Q8DSH6|Q8DSH6_STRMU,
tr|Q8DSH8|Q8DSH8_STRMU,
tr|Q8DSI1|Q8DSI1_STRMU,
tr|Q8DSH9|Q8DSH9_STRMU,Y198
tr|Q8DSI0|Q8DSI0_STRMU,
tr|Q8DSI2|Q8DSI2_STRMU,S106;T110;T159;S160
tr|Q8DSI3|Q8DSI3_STRMU,Y6
tr|Q8DSI5|Q8DSI5_STRMU,
tr|Q8DSI4|Q8DSI4_STRMU,T251;Y232;Y240
tr|Q8DSI7|Q8DSI7_STRMU,
tr|Q8DSI9|Q8DSI9_STRMU,
tr|Q8DSJ0|Q8DSJ0_STRMU,
tr|Q8DSJ1|Q8DSJ1_STRMU,
tr|Q8DSJ3|Q8DSJ3_STRMU,
sp|Q8DSJ4|Y1789_STRMU,
tr|Q8DSJ5|Q8DSJ5_STRMU,S36;T37
tr|Q8DSJ6|Q8DSJ6_STRMU,
tr|Q8DSJ8|Q8DSJ8_STRMU,S76;S247
tr|Q8DSK0|Q8DSK0_STRMU,
tr|Q8DSK4|Q8DSK4_STRMU,Y97
tr|Q8DSK5|Q8DSK5_STRMU,
tr|Q8DSK6|Q8DSK6_STRMU,
tr|Q8DSK7|Q8DSK7_STRMU,
tr|Q8DSK8|Q8DSK8_STRMU,S183;Y119
tr|Q8DSL0|Q8DSL0_STRMU,S83
tr|Q8DSK9|Q8DSK9_STRMU,Y115;Y116
tr|Q8DSL2|Q8DSL2_STRMU,Y97
tr|Q8DSL3|Q8DSL3_STRMU,
tr|Q8DSL4|Q8DSL4_STRMU,
tr|Q8DSL8|Q8DSL8_STRMU,
tr|Q8DSL5|Q8DSL5_STRMU,S228
tr|Q8DSL9|Q8DSL9_STRMU,T252
tr|Q8DSM0|Q8DSM0_STRMU,T145;S153;T154;Y72;Y278
tr|Q8DSM2|Q8DSM2_STRMU,
tr|Q8DSM3|Q8DSM3_STRMU,
tr|Q8DSM4|Q8DSM4_STRMU,
tr|Q8DSM6|Q8DSM6_STRMU,
tr|Q8DSM7|Q8DSM7_STRMU,
tr|Q8DSM9|Q8DSM9_STRMU,
tr|Q8DSN1|Q8DSN1_STRMU,Y92
tr|Q8DSN4|Q8DSN4_STRMU,
tr|Q8DSP3|Q8DSP3_STRMU,Y77;Y161
tr|Q8DSP5|Q8DSP5_STRMU,T7;Y84
tr|Q8DSP2|Q8DSP2_STRMU,S824;S825;S910;T911;Y62
tr|Q8DSQ0|Q8DSQ0_STRMU,T5;S6
tr|Q8DSQ1|Q8DSQ1_STRMU,Y4
tr|Q8DSQ2|Q8DSQ2_STRMU,
tr|Q8DSQ3|Q8DSQ3_STRMU,Y297
sp|Q8DSQ4|Y1719_STRMU,
tr|Q8DSQ7|Q8DSQ7_STRMU,
tr|Q8DSQ8|Q8DSQ8_STRMU,
sp|Q8DSR1|YIDD_STRMU,
tr|Q8DSR3|Q8DSR3_STRMU,
tr|Q8DSR2|Q8DSR2_STRMU,
tr|Q8DSR5|Q8DSR5_STRMU,S139;S232
tr|Q8DSR6|Q8DSR6_STRMU,
tr|Q8DSR7|Q8DSR7_STRMU,
tr|Q8DSR9|Q8DSR9_STRMU,
tr|Q8DSS0|Q8DSS0_STRMU,
tr|Q8DSS1|Q8DSS1_STRMU,
tr|Q8DSS2|Q8DSS2_STRMU,S164;Y5
tr|Q8DSS3|Q8DSS3_STRMU,
tr|Q8DSS5|Q8DSS5_STRMU,Y56
tr|Q8DSS6|Q8DSS6_STRMU,Y65;Y149
tr|Q8DSS8|Q8DSS8_STRMU,
tr|Q8DSS7|Q8DSS7_STRMU,Y56
tr|Q8DSS9|Q8DSS9_STRMU,
tr|Q8DST0|Q8DST0_STRMU,
tr|Q8DST8|Q8DST8_STRMU,
tr|Q8DST1|Q8DST1_STRMU,S243;S335;Y31;Y42;Y309
sp|Q8DST9|Y1670_STRMU,Y31;Y42
tr|Q8DST3|Q8DST3_STRMU,Y76
tr|Q8DSU0|Q8DSU0_STRMU,S85;S90;Y290
tr|Q8DSU2|Q8DSU2_STRMU,
tr|Q8DSU4|Q8DSU4_STRMU,
tr|Q8DSU5|Q8DSU5_STRMU,T8;Y99
tr|Q8DSU7|Q8DSU7_STRMU,
tr|Q8DSU8|Q8DSU8_STRMU,S189
sp|Q8DSU9|YABA_STRMU,
tr|Q8DSV2|Q8DSV2_STRMU,T55
tr|Q8DSV4|Q8DSV4_STRMU,
tr|Q8DSV5|Q8DSV5_STRMU,Y159;Y167
tr|Q8DSV8|Q8DSV8_STRMU,Y27
tr|Q8DSW0|Q8DSW0_STRMU,
tr|Q8DSW1|Q8DSW1_STRMU,
tr|Q8DSW2|Q8DSW2_STRMU,
tr|Q8DSW3|Q8DSW3_STRMU,Y13;Y254;Y255;Y259
tr|Q8DSW7|Q8DSW7_STRMU,
tr|Q8DSW4|Q8DSW4_STRMU,T112;Y233
tr|Q8DSW9|Q8DSW9_STRMU,
tr|Q8DSW5|Q8DSW5_STRMU,
tr|Q8DSW6|Q8DSW6_STRMU,
tr|Q8DSX0|Q8DSX0_STRMU,
tr|Q8DSX1|Q8DSX1_STRMU,Y86
tr|Q8DSX3|Q8DSX3_STRMU,
tr|Q8DSX4|Q8DSX4_STRMU,
tr|Q8DSX8|Q8DSX8_STRMU,
tr|Q8DSY3|Q8DSY3_STRMU,
sp|Q8DSY5|Y1621_STRMU,Y6
tr|Q8DSY8|Q8DSY8_STRMU,
tr|Q8DSY6|Q8DSY6_STRMU,Y122
tr|Q8DSY9|Q8DSY9_STRMU,
tr|Q8DSZ1|Q8DSZ1_STRMU,Y25;Y194
tr|Q8DSZ2|Q8DSZ2_STRMU,
tr|Q8DSZ9|Q8DSZ9_STRMU,
tr|Q8DSZ7|Q8DSZ7_STRMU,
tr|Q8DSZ6|Q8DSZ6_STRMU,
tr|Q8DT01|Q8DT01_STRMU,Y55
tr|Q8DT04|Q8DT04_STRMU,
tr|Q8DT06|Q8DT06_STRMU,
tr|Q8DT02|Q8DT02_STRMU,S297;S371;Y144;Y442
tr|Q8DT07|Q8DT07_STRMU,
tr|Q8DT09|Q8DT09_STRMU,Y307
tr|Q8DT11|Q8DT11_STRMU,
tr|Q8DT10|Q8DT10_STRMU,Y48;Y71
tr|Q8DT13|Q8DT13_STRMU,
tr|Q8DT15|Q8DT15_STRMU,Y100
tr|Q8DT17|Q8DT17_STRMU,T36;S37
tr|Q8DT14|Q8DT14_STRMU,S281;Y370;Y496;Y578
tr|Q8DT21|Q8DT21_STRMU,
tr|Q8DT20|Q8DT20_STRMU,T101;S165;T434;S438;S442;S545;S649;S652;Y656
tr|Q8DT22|Q8DT22_STRMU,S349
tr|Q8DT25|Q8DT25_STRMU,S270;S349;S351;Y234
tr|Q8DT19|Q8DT19_STRMU,S639;S1051;Y459;Y824;Y851
tr|Q8DT26|Q8DT26_STRMU,
tr|Q8DT28|Q8DT28_STRMU,S115
tr|Q8DT33|Q8DT33_STRMU,Y90;Y108
tr|Q8DT29|Q8DT29_STRMU,S25;S71
tr|Q8DT34|Q8DT34_STRMU,
tr|Q8DT32|Q8DT32_STRMU,S190;S234;S240
tr|Q8DT35|Q8DT35_STRMU,
tr|Q8DT36|Q8DT36_STRMU,
tr|Q8DT39|Q8DT39_STRMU,
tr|Q8DT37|Q8DT37_STRMU,Y194
tr|Q8DT40|Q8DT40_STRMU,
tr|Q8DT41|Q8DT41_STRMU,
tr|Q8DT42|Q8DT42_STRMU,T2
tr|Q8DT43|Q8DT43_STRMU,
tr|Q8DT46|Q8DT46_STRMU,Y114
tr|Q8DT44|Q8DT44_STRMU,
tr|Q8DT47|Q8DT47_STRMU,
tr|Q8DT48|Q8DT48_STRMU,
tr|Q8DT56|Q8DT56_STRMU,
tr|Q8DT58|Q8DT58_STRMU,Y7
tr|Q8DT54|Q8DT54_STRMU,S180;S182;T186;Y99
tr|Q8DT59|Q8DT59_STRMU,S64;Y224
tr|Q8DT60|Q8DT60_STRMU,
tr|Q8DT61|Q8DT61_STRMU,
tr|Q8DT62|Q8DT62_STRMU,S33;Y121
tr|Q8DT63|Q8DT63_STRMU,S71;T72;Y16
tr|Q8DT65|Q8DT65_STRMU,S19;S125;Y21
tr|Q8DT67|Q8DT67_STRMU,S171;S173
tr|Q8DT68|Q8DT68_STRMU,Y129
tr|Q8DT70|Q8DT70_STRMU,Y97;Y99
tr|Q8DT69|Q8DT69_STRMU,
tr|Q8DT72|Q8DT72_STRMU,Y22
tr|Q8DT71|Q8DT71_STRMU,
tr|Q8DT73|Q8DT73_STRMU,
tr|Q8DT74|Q8DT74_STRMU,
tr|Q8DT77|Q8DT77_STRMU,S68;S281;Y205
tr|Q8DT78|Q8DT78_STRMU,
tr|Q8DT79|Q8DT79_STRMU,Y95
tr|Q8DT81|Q8DT81_STRMU,S138;S498;Y9;Y418
tr|Q8DT83|Q8DT83_STRMU,
tr|Q8DT84|Q8DT84_STRMU,
tr|Q8DT82|Q8DT82_STRMU,S49;T438
tr|Q8DT86|Q8DT86_STRMU,
tr|Q8DT85|Q8DT85_STRMU,
tr|Q8DT89|Q8DT89_STRMU,S35;T38
tr|Q8DT91|Q8DT91_STRMU,Y94;Y171
tr|Q8DT93|Q8DT93_STRMU,
tr|Q8DT92|Q8DT92_STRMU,S385;S388;S391;Y455;Y705
tr|Q8DT94|Q8DT94_STRMU,Y104
tr|Q8DT98|Q8DT98_STRMU,
tr|Q8DT97|Q8DT97_STRMU,S68;S70;T150
tr|Q8DT99|Q8DT99_STRMU,T12;S25;S127;S143;Y131
tr|Q8DTA0|Q8DTA0_STRMU,S113;S115;S358;S367
tr|Q8DTA2|Q8DTA2_STRMU,Y39
tr|Q8DTA3|Q8DTA3_STRMU,
tr|Q8DTA4|Q8DTA4_STRMU,
tr|Q8DTA5|Q8DTA5_STRMU,Y2;Y289;Y291
tr|Q8DTA8|Q8DTA8_STRMU,Y80;Y411;Y416
tr|Q8DTB0|Q8DTB0_STRMU,S34;S36;T38
tr|Q8DTB1|Q8DTB1_STRMU,Y259
tr|Q8DTB2|Q8DTB2_STRMU,Y247;Y248
tr|Q8DTB4|Q8DTB4_STRMU,S144;S146
tr|Q8DTB5|Q8DTB5_STRMU,T146;S148;Y102
tr|Q8DTB6|Q8DTB6_STRMU,S49;T50;S76
tr|Q8DTB8|Q8DTB8_STRMU,
tr|Q8DTB9|Q8DTB9_STRMU,S48;S50
tr|Q8DTC0|Q8DTC0_STRMU,
tr|Q8DTC9|Q8DTC9_STRMU,
tr|Q8DTD1|Q8DTD1_STRMU,S107;S156;T161;T164;S165
tr|Q8DTC5|Q8DTC5_STRMU,S123;S168;T173;S174;S305;T310;Y256
tr|Q8DTC1|Q8DTC1_STRMU,S12;S14
tr|Q8DTD2|Q8DTD2_STRMU,
tr|Q8DTD5|Q8DTD5_STRMU,
tr|Q8DTD4|Q8DTD4_STRMU,S208;S212;Y9;Y132;Y157;Y230
tr|Q8DTD6|Q8DTD6_STRMU,
tr|Q8DTD7|Q8DTD7_STRMU,
tr|Q8DTD9|Q8DTD9_STRMU,
tr|Q8DTE1|Q8DTE1_STRMU,T279
tr|Q8DTE0|Q8DTE0_STRMU,S278;S402;S404;S405;Y469
tr|Q8DTE2|Q8DTE2_STRMU,S207;S215;T240;Y111;Y253
tr|Q8DTD8|Q8DTD8_STRMU,S662;Y438;Y510;Y526
tr|Q8DTE6|Q8DTE6_STRMU,Y125;Y127;Y142
tr|Q8DTE7|Q8DTE7_STRMU,
tr|Q8DTE8|Q8DTE8_STRMU,S100
tr|Q8DTF0|Q8DTF0_STRMU,
tr|Q8DTE9|Q8DTE9_STRMU,
tr|Q8DTF2|Q8DTF2_STRMU,Y42
tr|Q8DTF5|Q8DTF5_STRMU,S43
tr|Q8DTF4|Q8DTF4_STRMU,S193
tr|Q8DTF1|Q8DTF1_STRMU,T42;T45;S48;T53;S58;T415;T500;T503;T504;T515;S521;S527;S529;Y422;Y423
tr|Q8DTF6|Q8DTF6_STRMU,
tr|Q8DTF7|Q8DTF7_STRMU,
tr|Q8DTG0|Q8DTG0_STRMU,
tr|Q8DTF9|Q8DTF9_STRMU,
tr|Q8DTG6|Q8DTG6_STRMU,
tr|Q8DTG7|Q8DTG7_STRMU,
tr|Q8DTG8|Q8DTG8_STRMU,S103;Y136
tr|Q8DTG9|Q8DTG9_STRMU,
tr|Q8DTH0|Q8DTH0_STRMU,
tr|Q8DTH1|Q8DTH1_STRMU,Y26
tr|Q8DTH4|Q8DTH4_STRMU,S34;S37;S38
tr|Q8DTH2|Q8DTH2_STRMU,T204
tr|Q8DTH3|Q8DTH3_STRMU,
tr|Q8DTH5|Q8DTH5_STRMU,Y137
tr|Q8DTH7|Q8DTH7_STRMU,Y84
tr|Q8DTH9|Q8DTH9_STRMU,
tr|Q8DTH8|Q8DTH8_STRMU,S99;S103
tr|Q8DTI0|Q8DTI0_STRMU,
tr|Q8DTH6|Q8DTH6_STRMU,S177;S484;S567;Y51;Y52
tr|Q8DTI1|Q8DTI1_STRMU,
tr|Q8DTI2|Q8DTI2_STRMU,
tr|Q8DTI3|Q8DTI3_STRMU,
tr|Q8DTI4|Q8DTI4_STRMU,Y55
tr|Q8DTI5|Q8DTI5_STRMU,
tr|Q8DTI6|Q8DTI6_STRMU,
tr|Q8DTI7|Q8DTI7_STRMU,Y9
tr|Q8DTI8|Q8DTI8_STRMU,
tr|Q8DTI9|Q8DTI9_STRMU,
tr|Q8DTJ1|Q8DTJ1_STRMU,S54
tr|Q8DTJ3|Q8DTJ3_STRMU,
tr|Q8DTJ2|Q8DTJ2_STRMU,S321;T325;T327;T334
tr|Q8DTJ0|Q8DTJ0_STRMU,S176;S483;S566;Y50;Y51
tr|Q8DTJ4|Q8DTJ4_STRMU,S74;T276;S580;T646;T680;T681;S682;Y246
tr|Q8DTJ9|Q8DTJ9_STRMU,
tr|Q8DTK0|Q8DTK0_STRMU,
tr|Q8DTJ6|Q8DTJ6_STRMU,T173;S728;S729;T1076;S1079;S1084;Y718;Y824;Y981;Y1053
tr|Q8DTK1|Q8DTK1_STRMU,S228;S229;S310
tr|Q8DTJ8|Q8DTJ8_STRMU,S456;S710;S734;T735;S737;T916;T1000;S1245;Y379;Y1400
tr|Q8DTK2|Q8DTK2_STRMU,
tr|Q8DTK3|Q8DTK3_STRMU,
tr|Q8DTK4|Q8DTK4_STRMU,S43;T45
tr|Q8DTK5|Q8DTK5_STRMU,
tr|Q8DTJ5|Q8DTJ5_STRMU,S140;S788;S1880;S2040;Y785;Y1360;Y1913;Y2352
tr|Q8DTK6|Q8DTK6_STRMU,
tr|Q8DTK7|Q8DTK7_STRMU,
tr|Q8DTL2|Q8DTL2_STRMU,S87
tr|Q8DTK8|Q8DTK8_STRMU,
tr|Q8DTL5|Q8DTL5_STRMU,
tr|Q8DTL4|Q8DTL4_STRMU,Y237
tr|Q8DTL6|Q8DTL6_STRMU,S8
tr|Q8DTL7|Q8DTL7_STRMU,
tr|Q8DTL8|Q8DTL8_STRMU,
tr|Q8DTM3|Q8DTM3_STRMU,
tr|Q8DTL9|Q8DTL9_STRMU,
tr|Q8DTM4|Q8DTM4_STRMU,S43;Y358
tr|Q8DTM5|Q8DTM5_STRMU,
tr|Q8DTM6|Q8DTM6_STRMU,
tr|Q8DTN2|Q8DTN2_STRMU,S147
tr|Q8DTN1|Q8DTN1_STRMU,S235;S280;S313;Y192;Y245;Y249;Y296;Y381
tr|Q8DTN3|Q8DTN3_STRMU,
tr|Q8DTN4|Q8DTN4_STRMU,
tr|Q8DTP1|Q8DTP1_STRMU,
tr|Q8DTP2|Q8DTP2_STRMU,Y34
tr|Q8DTP0|Q8DTP0_STRMU,
tr|Q8DTP3|Q8DTP3_STRMU,
tr|Q8DTP4|Q8DTP4_STRMU,
tr|Q8DTP6|Q8DTP6_STRMU,Y8
tr|Q8DTP8|Q8DTP8_STRMU,T172;S174;S179;S180;Y178
tr|Q8DTP7|Q8DTP7_STRMU,
tr|Q8DTP9|Q8DTP9_STRMU,Y93;Y96
tr|Q8DTQ0|Q8DTQ0_STRMU,Y289
tr|Q8DTQ1|Q8DTQ1_STRMU,
tr|Q8DTR0|Q8DTR0_STRMU,S3
tr|Q8DTR8|Q8DTR8_STRMU,
tr|Q8DTR5|Q8DTR5_STRMU,
tr|Q8DTR9|Q8DTR9_STRMU,
tr|Q8DTS1|Q8DTS1_STRMU,
tr|Q8DTS2|Q8DTS2_STRMU,
tr|Q8DTS3|Q8DTS3_STRMU,
tr|Q8DTS4|Q8DTS4_STRMU,
tr|Q8DTS6|Q8DTS6_STRMU,T2
tr|Q8DTS5|Q8DTS5_STRMU,
tr|Q8DTS7|Q8DTS7_STRMU,
tr|Q8DTS8|Q8DTS8_STRMU,S48
tr|Q8DTT0|Q8DTT0_STRMU,
tr|Q8DTT1|Q8DTT1_STRMU,
tr|Q8DTT3|Q8DTT3_STRMU,
tr|Q8DTT2|Q8DTT2_STRMU,Y350
tr|Q8DTT5|Q8DTT5_STRMU,
tr|Q8DTT6|Q8DTT6_STRMU,
tr|Q8DTT4|Q8DTT4_STRMU,Y466
tr|Q8DTT7|Q8DTT7_STRMU,S266
tr|Q8DTU1|Q8DTU1_STRMU,Y68
tr|Q8DTU2|Q8DTU2_STRMU,
tr|Q8DTU3|Q8DTU3_STRMU,
tr|Q8DTU5|Q8DTU5_STRMU,S60;T61;Y67;Y105
tr|Q8DTU7|Q8DTU7_STRMU,
tr|Q8DTU8|Q8DTU8_STRMU,S188;S190;S192
tr|Q8DTV3|Q8DTV3_STRMU,
tr|Q8DTV4|Q8DTV4_STRMU,
tr|Q8DTV6|Q8DTV6_STRMU,S280;Y223
tr|Q8DTV5|Q8DTV5_STRMU,S393;Y92
tr|Q8DTV7|Q8DTV7_STRMU,
tr|Q8DTW2|Q8DTW2_STRMU,T16;S64;T67;S68;T69;S71;S74
tr|Q8DTW1|Q8DTW1_STRMU,S152;T153;S155;S196;S202;S256;S257;S412;Y253;Y374;Y386;Y443
tr|Q8DTW4|Q8DTW4_STRMU,
tr|Q8DTW8|Q8DTW8_STRMU,
tr|Q8DTW5|Q8DTW5_STRMU,T100;Y78;Y87;Y158;Y159
tr|Q8DTX0|Q8DTX0_STRMU,
tr|Q8DTX1|Q8DTX1_STRMU,S68;S163;S165;S166;Y138
tr|Q8DTX8|Q8DTX8_STRMU,
tr|Q8DTX3|Q8DTX3_STRMU,Y105;Y221
tr|Q8DTX4|Q8DTX4_STRMU,T56;S57;Y117
tr|Q8DTX2|Q8DTX2_STRMU,
tr|Q8DTY3|Q8DTY3_STRMU,S98;S102;Y132
tr|Q8DTY2|Q8DTY2_STRMU,
tr|Q8DTY4|Q8DTY4_STRMU,Y204;Y218
tr|Q8DTY8|Q8DTY8_STRMU,S27;T153;Y103
tr|Q8DTY5|Q8DTY5_STRMU,Y368;Y389
tr|Q8DTY9|Q8DTY9_STRMU,S37;S40;S186;S187;T188;Y177
tr|Q8DTZ0|Q8DTZ0_STRMU,
tr|Q8DTZ1|Q8DTZ1_STRMU,
tr|Q8DTZ2|Q8DTZ2_STRMU,
tr|Q8DTZ3|Q8DTZ3_STRMU,Y10;Y13
tr|Q8DTZ5|Q8DTZ5_STRMU,
tr|Q8DTZ6|Q8DTZ6_STRMU,
tr|Q8DTZ8|Q8DTZ8_STRMU,
tr|Q8DTZ7|Q8DTZ7_STRMU,T187;S225
tr|Q8DTZ4|Q8DTZ4_STRMU,T328;S625;S628
tr|Q8DTZ9|Q8DTZ9_STRMU,S27;T45;Y329;Y332
tr|Q8DU00|Q8DU00_STRMU,S48;S51
tr|Q8DU01|Q8DU01_STRMU,
tr|Q8DU03|Q8DU03_STRMU,
tr|Q8DU04|Q8DU04_STRMU,S18
tr|Q8DU05|Q8DU05_STRMU,
tr|Q8DU07|Q8DU07_STRMU,
tr|Q8DU02|Q8DU02_STRMU,S332;S340;S658;S770;T771;S773;Y983
tr|Q8DU06|Q8DU06_STRMU,T39;Y178;Y262
tr|Q8DU08|Q8DU08_STRMU,S269;T369;S371
tr|Q8DU09|Q8DU09_STRMU,Y119
tr|Q8DU10|Q8DU10_STRMU,
tr|Q8DU11|Q8DU11_STRMU,
tr|Q8DU12|Q8DU12_STRMU,
tr|Q8DU13|Q8DU13_STRMU,
tr|Q8DU18|Q8DU18_STRMU,
tr|Q8DU27|Q8DU27_STRMU,T55
tr|Q8DU32|Q8DU32_STRMU,
tr|Q8DU36|Q8DU36_STRMU,Y310
tr|Q8DU37|Q8DU37_STRMU,S126;T249;T251
tr|Q8DU38|Q8DU38_STRMU,
tr|Q8DU39|Q8DU39_STRMU,S129;Y314
tr|Q8DU40|Q8DU40_STRMU,S114;S267;S272;S274;T346;Y219;Y222;Y243;Y322
tr|Q8DU42|Q8DU42_STRMU,Y23
tr|Q8DU43|Q8DU43_STRMU,T63;Y50
tr|Q8DU45|Q8DU45_STRMU,S141;Y248
tr|Q8DU44|Q8DU44_STRMU,
tr|Q8DU46|Q8DU46_STRMU,
tr|Q8DU47|Q8DU47_STRMU,Y74
tr|Q8DU48|Q8DU48_STRMU,Y55
tr|Q8DU49|Q8DU49_STRMU,Y108;Y109
tr|Q8DU50|Q8DU50_STRMU,S459
tr|Q8DU52|Q8DU52_STRMU,S175;S178;S188;Y101
tr|Q8DU53|Q8DU53_STRMU,S33;Y22;Y25
tr|Q8DU51|Q8DU51_STRMU,
tr|Q8DU54|Q8DU54_STRMU,
tr|Q8DU56|Q8DU56_STRMU,
tr|Q8DU60|Q8DU60_STRMU,Y110
tr|Q8DU59|Q8DU59_STRMU,T380
tr|Q8DU57|Q8DU57_STRMU,S254;S414;S426;T428;Y312
tr|Q8DU68|Q8DU68_STRMU,S47;T133;S231
tr|Q8DU69|Q8DU69_STRMU,S144
tr|Q8DU70|Q8DU70_STRMU,
tr|Q8DU73|Q8DU73_STRMU,
tr|Q8DU74|Q8DU74_STRMU,
tr|Q8DU71|Q8DU71_STRMU,Y187
tr|Q8DU75|Q8DU75_STRMU,Y100
tr|Q8DU76|Q8DU76_STRMU,Y111
tr|Q8DU77|Q8DU77_STRMU,T165;Y140
tr|Q8DU78|Q8DU78_STRMU,
tr|Q8DU79|Q8DU79_STRMU,Y19;Y242
tr|Q8DU80|Q8DU80_STRMU,
tr|Q8DU82|Q8DU82_STRMU,Y66
tr|Q8DU83|Q8DU83_STRMU,Y13
tr|Q8DU86|Q8DU86_STRMU,Y84
tr|Q8DU88|Q8DU88_STRMU,S4;S8;S10
tr|Q8DU87|Q8DU87_STRMU,
tr|Q8DU89|Q8DU89_STRMU,T2;Y81
tr|Q8DU90|Q8DU90_STRMU,
tr|Q8DU92|Q8DU92_STRMU,
tr|Q8DU95|Q8DU95_STRMU,
tr|Q8DU93|Q8DU93_STRMU,S215;T216
tr|Q8DU96|Q8DU96_STRMU,S28
tr|Q8DU97|Q8DU97_STRMU,S213;T216;Y114
tr|Q8DUA2|Q8DUA2_STRMU,
tr|Q8DUA1|Q8DUA1_STRMU,S298
tr|Q8DUA3|Q8DUA3_STRMU,
tr|Q8DUA4|Q8DUA4_STRMU,
tr|Q8DUA5|Q8DUA5_STRMU,
tr|Q8DUA6|Q8DUA6_STRMU,T249;Y139
tr|Q8DUA7|Q8DUA7_STRMU,
tr|Q8DUA8|Q8DUA8_STRMU,
tr|Q8DUB1|Q8DUB1_STRMU,
tr|Q8DUB0|Q8DUB0_STRMU,S122;T262;S267;S268
tr|Q8DUB2|Q8DUB2_STRMU,Y5
tr|Q8DUB3|Q8DUB3_STRMU,
tr|Q8DUB4|Q8DUB4_STRMU,
tr|Q8DUB5|Q8DUB5_STRMU,Y77
tr|Q8DUB6|Q8DUB6_STRMU,
tr|Q8DUB7|Q8DUB7_STRMU,S89
tr|Q8DUC0|Q8DUC0_STRMU,S9;S14;S118;S146
tr|Q8DUC4|Q8DUC4_STRMU,
tr|Q8DUB9|Q8DUB9_STRMU,Y449
tr|Q8DUC5|Q8DUC5_STRMU,
tr|Q8DUC6|Q8DUC6_STRMU,
tr|Q8DUC8|Q8DUC8_STRMU,Y26
tr|Q8DUC7|Q8DUC7_STRMU,
tr|Q8DUD1|Q8DUD1_STRMU,Y8
tr|Q8DUD2|Q8DUD2_STRMU,
tr|Q8DUD4|Q8DUD4_STRMU,S34;Y192
tr|Q8DUD5|Q8DUD5_STRMU,
tr|Q8DUD6|Q8DUD6_STRMU,
tr|Q8DUD7|Q8DUD7_STRMU,S230;Y193
tr|Q8DUD8|Q8DUD8_STRMU,
tr|Q8DUD9|Q8DUD9_STRMU,
tr|Q8DUE0|Q8DUE0_STRMU,S80
tr|Q8DUE3|Q8DUE3_STRMU,
tr|Q8DUE4|Q8DUE4_STRMU,Y29
tr|Q8DUE6|Q8DUE6_STRMU,S50
tr|Q8DUE7|Q8DUE7_STRMU,T38;S454;Y207;Y263;Y478
tr|Q8DUE8|Q8DUE8_STRMU,
tr|Q8DUE9|Q8DUE9_STRMU,
tr|Q8DUF0|Q8DUF0_STRMU,Y28;Y107
tr|Q8DUF1|Q8DUF1_STRMU,S59;T60;T88;T168;S172;S174;Y177;Y279
tr|Q8DUF3|Q8DUF3_STRMU,
tr|Q8DUF4|Q8DUF4_STRMU,Y300;Y334
tr|Q8DUF5|Q8DUF5_STRMU,
tr|Q8DUF6|Q8DUF6_STRMU,
tr|Q8DUH0|Q8DUH0_STRMU,S30;S31
tr|Q8DUG7|Q8DUG7_STRMU,S214;Y93
tr|Q8DUG8|Q8DUG8_STRMU,S59;T61;T63
tr|Q8DUH1|Q8DUH1_STRMU,
tr|Q8DUH4|Q8DUH4_STRMU,
tr|Q8DUH5|Q8DUH5_STRMU,
tr|Q8DUH6|Q8DUH6_STRMU,S81;Y53;Y56;Y58;Y215
tr|Q8DUH7|Q8DUH7_STRMU,Y141
tr|Q8DUI1|Q8DUI1_STRMU,
tr|Q8DUH8|Q8DUH8_STRMU,T406;T409
tr|Q8DUI3|Q8DUI3_STRMU,T153;Y236
tr|Q8DUI7|Q8DUI7_STRMU,
tr|Q8DUI5|Q8DUI5_STRMU,T340
tr|Q8DUI8|Q8DUI8_STRMU,S10;S14
tr|Q8DUJ2|Q8DUJ2_STRMU,S222;Y248
tr|Q8DUJ0|Q8DUJ0_STRMU,S150;S243
tr|Q8DUJ3|Q8DUJ3_STRMU,
tr|Q8DUJ4|Q8DUJ4_STRMU,
tr|Q8DUJ5|Q8DUJ5_STRMU,Y273
tr|Q8DUJ6|Q8DUJ6_STRMU,
tr|Q8DUJ7|Q8DUJ7_STRMU,Y8
tr|Q8DUJ8|Q8DUJ8_STRMU,
tr|Q8DUK0|Q8DUK0_STRMU,S148;Y18
tr|Q8DUK1|Q8DUK1_STRMU,Y7
tr|Q8DUK2|Q8DUK2_STRMU,
tr|Q8DUK4|Q8DUK4_STRMU,
tr|Q8DUK6|Q8DUK6_STRMU,S62
tr|Q8DUL1|Q8DUL1_STRMU,
tr|Q8DUK5|Q8DUK5_STRMU,S110;Y583
tr|Q8DUL3|Q8DUL3_STRMU,
tr|Q8DUL4|Q8DUL4_STRMU,
tr|Q8DUL5|Q8DUL5_STRMU,
tr|Q8DUM0|Q8DUM0_STRMU,T61;Y12
tr|Q8DUL6|Q8DUL6_STRMU,Y99
tr|Q8DUL7|Q8DUL7_STRMU,S60;S555;Y237;Y616
tr|Q8DUM1|Q8DUM1_STRMU,
tr|Q8DUM3|Q8DUM3_STRMU,
tr|Q8DUM4|Q8DUM4_STRMU,
tr|Q8DUM5|Q8DUM5_STRMU,Y113;Y192
tr|Q8DUM8|Q8DUM8_STRMU,
tr|Q8DUM6|Q8DUM6_STRMU,S436;S539;Y241;Y522
tr|Q8DUM9|Q8DUM9_STRMU,S74;Y162;Y191
tr|Q8DUN0|Q8DUN0_STRMU,S21
tr|Q8DUN1|Q8DUN1_STRMU,
tr|Q8DUN4|Q8DUN4_STRMU,
tr|Q8DUN3|Q8DUN3_STRMU,T157;S650
tr|Q8DUP1|Q8DUP1_STRMU,
tr|Q8DUP0|Q8DUP0_STRMU,S82;Y207;Y266
tr|Q8DUP2|Q8DUP2_STRMU,T232;S233;S325;Y86;Y88
tr|Q8DUP8|Q8DUP8_STRMU,
tr|Q8DUP6|Q8DUP6_STRMU,
tr|Q8DUQ1|Q8DUQ1_STRMU,Y243;Y273
tr|Q8DUQ3|Q8DUQ3_STRMU,
tr|Q8DUQ5|Q8DUQ5_STRMU,
tr|Q8DUQ7|Q8DUQ7_STRMU,
tr|Q8DUQ9|Q8DUQ9_STRMU,T2;T4;S117;Y97
tr|Q8DUR0|Q8DUR0_STRMU,
tr|Q8DUR2|Q8DUR2_STRMU,
tr|Q8DUR3|Q8DUR3_STRMU,
tr|Q8DUR6|Q8DUR6_STRMU,Y34;Y48;Y49
tr|Q8DUR7|Q8DUR7_STRMU,S129;S208;S299
tr|Q8DUR9|Q8DUR9_STRMU,T24
tr|Q8DUR8|Q8DUR8_STRMU,
tr|Q8DUS1|Q8DUS1_STRMU,T484;S541;T545
tr|Q8DUS2|Q8DUS2_STRMU,S415;Y421
tr|Q8DUS3|Q8DUS3_STRMU,
tr|Q8DUS0|Q8DUS0_STRMU,Y549;Y650;Y772
tr|Q8DUS4|Q8DUS4_STRMU,S316;Y145
tr|Q8DUS9|Q8DUS9_STRMU,Y124
tr|Q8DUS7|Q8DUS7_STRMU,Y70;Y213;Y414;Y501
tr|Q8DUT0|Q8DUT0_STRMU,
tr|Q8DUT1|Q8DUT1_STRMU,
tr|Q8DUT2|Q8DUT2_STRMU,S33;S35
tr|Q8DUT4|Q8DUT4_STRMU,
tr|Q8DUT5|Q8DUT5_STRMU,
tr|Q8DUT3|Q8DUT3_STRMU,S80;S81;T82;S286;S291;S295
tr|Q8DUT8|Q8DUT8_STRMU,
tr|Q8DUT6|Q8DUT6_STRMU,
tr|Q8DUU1|Q8DUU1_STRMU,
tr|Q8DUU5|Q8DUU5_STRMU,
tr|Q8DUT9|Q8DUT9_STRMU,Y43;Y50
tr|Q8DUU3|Q8DUU3_STRMU,
tr|Q8DUU4|Q8DUU4_STRMU,Y4
tr|Q8DUU0|Q8DUU0_STRMU,
tr|Q8DUU6|Q8DUU6_STRMU,S21
tr|Q8DUU7|Q8DUU7_STRMU,S255;S256
tr|Q8DUU8|Q8DUU8_STRMU,T99;S105
tr|Q8DUU9|Q8DUU9_STRMU,
tr|Q8DUV0|Q8DUV0_STRMU,
tr|Q8DUV2|Q8DUV2_STRMU,
tr|Q8DUV1|Q8DUV1_STRMU,
sp|Q8DUV9|Y782_STRMU,
tr|Q8DUV3|Q8DUV3_STRMU,
tr|Q8DUW5|Q8DUW5_STRMU,
tr|Q8DUW7|Q8DUW7_STRMU,Y78;Y141;Y143
tr|Q8DUX0|Q8DUX0_STRMU,
tr|Q8DUX2|Q8DUX2_STRMU,
tr|Q8DUX3|Q8DUX3_STRMU,S19;S22
tr|Q8DUW9|Q8DUW9_STRMU,T104;S109;S110;S112;T138;T139;T144;S146;S390;Y268;Y314
tr|Q8DUX4|Q8DUX4_STRMU,S12;T16
tr|Q8DUX6|Q8DUX6_STRMU,T9
tr|Q8DUX5|Q8DUX5_STRMU,
tr|Q8DUX8|Q8DUX8_STRMU,
tr|Q8DUX7|Q8DUX7_STRMU,S66;Y142
tr|Q8DUY1|Q8DUY1_STRMU,S7;S9;S12
tr|Q8DUY2|Q8DUY2_STRMU,
tr|Q8DUY0|Q8DUY0_STRMU,T30
tr|Q8DUY6|Q8DUY6_STRMU,
tr|Q8DUY5|Q8DUY5_STRMU,S194;T197
tr|Q8DUY7|Q8DUY7_STRMU,
tr|Q8DUY8|Q8DUY8_STRMU,S276
tr|Q8DUZ0|Q8DUZ0_STRMU,
tr|Q8DUZ2|Q8DUZ2_STRMU,T57;T59
tr|Q8DUZ1|Q8DUZ1_STRMU,
tr|Q8DUZ3|Q8DUZ3_STRMU,
tr|Q8DUY9|Q8DUY9_STRMU,S35;T36;T213;S217;S223;T345;S350;T406
tr|Q8DUZ4|Q8DUZ4_STRMU,Y60
tr|Q8DUZ5|Q8DUZ5_STRMU,Y219
tr|Q8DUZ6|Q8DUZ6_STRMU,
tr|Q8DUZ8|Q8DUZ8_STRMU,
tr|Q8DUZ7|Q8DUZ7_STRMU,T19;S21;S22;T234;S235;Y9
tr|Q8DUZ9|Q8DUZ9_STRMU,
tr|Q8DV00|Q8DV00_STRMU,S57
tr|Q8DV02|Q8DV02_STRMU,
tr|Q8DV03|Q8DV03_STRMU,
tr|Q8DV01|Q8DV01_STRMU,S119;T241;S246;S582;S630;T738;Y43;Y593;Y596
tr|Q8DV04|Q8DV04_STRMU,
tr|Q8DV06|Q8DV06_STRMU,S111;Y26;Y138;Y139
tr|Q8DV05|Q8DV05_STRMU,
tr|Q8DV11|Q8DV11_STRMU,
tr|Q8DV07|Q8DV07_STRMU,Y316;Y387;Y394
tr|Q8DV12|Q8DV12_STRMU,
tr|Q8DV13|Q8DV13_STRMU,Y137;Y203;Y240
tr|Q8DV14|Q8DV14_STRMU,
tr|Q8DV16|Q8DV16_STRMU,
tr|Q8DV15|Q8DV15_STRMU,T175;Y253
tr|Q8DV18|Q8DV18_STRMU,
tr|Q8DV17|Q8DV17_STRMU,
tr|Q8DV19|Q8DV19_STRMU,S26;Y204
tr|Q8DV25|Q8DV25_STRMU,
tr|Q8DV26|Q8DV26_STRMU,
tr|Q8DV24|Q8DV24_STRMU,S72;S73;S86;T88;S109;Y71
tr|Q8DV27|Q8DV27_STRMU,T41;Y189
tr|Q8DV30|Q8DV30_STRMU,S15
tr|Q8DV29|Q8DV29_STRMU,
tr|Q8DV31|Q8DV31_STRMU,
tr|Q8DV32|Q8DV32_STRMU,S29;S177
tr|Q8DV35|Q8DV35_STRMU,
tr|Q8DV36|Q8DV36_STRMU,
tr|Q8DV37|Q8DV37_STRMU,
tr|Q8DV34|Q8DV34_STRMU,S38;S69;S130;S135;S191;T814;Y340;Y723
tr|Q8DV38|Q8DV38_STRMU,Y100
tr|Q8DV33|Q8DV33_STRMU,S320;S323;T324;S383;S597;T601;S774;S775;S938;Y78;Y777
tr|Q8DV39|Q8DV39_STRMU,
tr|Q8DV41|Q8DV41_STRMU,
tr|Q8DV40|Q8DV40_STRMU,S172;S178
tr|Q8DV46|Q8DV46_STRMU,
tr|Q8DV47|Q8DV47_STRMU,
tr|Q8DV49|Q8DV49_STRMU,T202;Y178
tr|Q8DV50|Q8DV50_STRMU,
tr|Q8DV51|Q8DV51_STRMU,
tr|Q8DV53|Q8DV53_STRMU,
tr|Q8DV52|Q8DV52_STRMU,
tr|Q8DV54|Q8DV54_STRMU,
tr|Q8DV56|Q8DV56_STRMU,
tr|Q8DV55|Q8DV55_STRMU,
tr|Q8DV57|Q8DV57_STRMU,S291;Y295
tr|Q8DV58|Q8DV58_STRMU,S117;S165
tr|Q8DV60|Q8DV60_STRMU,
tr|Q8DV64|Q8DV64_STRMU,
tr|Q8DV62|Q8DV62_STRMU,Y72
tr|Q8DV63|Q8DV63_STRMU,T176;S179;Y74
tr|Q8DV61|Q8DV61_STRMU,S360;S496;Y74;Y222;Y558
tr|Q8DV65|Q8DV65_STRMU,
tr|Q8DV67|Q8DV67_STRMU,
tr|Q8DV68|Q8DV68_STRMU,
tr|Q8DV66|Q8DV66_STRMU,S130;S132;Y25
tr|Q8DV69|Q8DV69_STRMU,
tr|Q8DV73|Q8DV73_STRMU,S16;Y236
tr|Q8DV74|Q8DV74_STRMU,Y106
tr|Q8DV75|Q8DV75_STRMU,
tr|Q8DV78|Q8DV78_STRMU,T195;Y5
tr|Q8DV77|Q8DV77_STRMU,
tr|Q8DV80|Q8DV80_STRMU,Y88
tr|Q8DV81|Q8DV81_STRMU,S120;S121;Y36
tr|Q8DV83|Q8DV83_STRMU,
tr|Q8DV79|Q8DV79_STRMU,S528
tr|Q8DV84|Q8DV84_STRMU,Y31
tr|Q8DV85|Q8DV85_STRMU,
tr|Q8DV86|Q8DV86_STRMU,
tr|Q8DV87|Q8DV87_STRMU,
tr|Q8DV88|Q8DV88_STRMU,
tr|Q8DV89|Q8DV89_STRMU,
tr|Q8DV92|Q8DV92_STRMU,
tr|Q8DV94|Q8DV94_STRMU,T92
tr|Q8DV93|Q8DV93_STRMU,S161;T165;Y179;Y181
tr|Q8DV95|Q8DV95_STRMU,Y30
tr|Q8DV97|Q8DV97_STRMU,
tr|Q8DVA2|Q8DVA2_STRMU,
tr|Q8DVA4|Q8DVA4_STRMU,
tr|Q8DVA6|Q8DVA6_STRMU,S56;Y39;Y60
tr|Q8DVA0|Q8DVA0_STRMU,T66;S67;S68;S173;T389;S616;Y267;Y282
tr|Q8DVA5|Q8DVA5_STRMU,S269
tr|Q8DVA7|Q8DVA7_STRMU,
tr|Q8DVB2|Q8DVB2_STRMU,
tr|Q8DVA8|Q8DVA8_STRMU,S254
tr|Q8DVA9|Q8DVA9_STRMU,T155
tr|Q8DVB3|Q8DVB3_STRMU,
tr|Q8DVB8|Q8DVB8_STRMU,T4;S5;T8;S10
tr|Q8DVC2|Q8DVC2_STRMU,
tr|Q8DVB9|Q8DVB9_STRMU,
tr|Q8DVC4|Q8DVC4_STRMU,S65;S70
tr|Q8DVC5|Q8DVC5_STRMU,S105
tr|Q8DVC6|Q8DVC6_STRMU,
tr|Q8DVC8|Q8DVC8_STRMU,T17
tr|Q8DVC7|Q8DVC7_STRMU,S268;T274;S276;T278
tr|Q8DVD1|Q8DVD1_STRMU,
tr|Q8DVD2|Q8DVD2_STRMU,
tr|Q8DVD4|Q8DVD4_STRMU,T205;S252
tr|Q8DVD6|Q8DVD6_STRMU,
tr|Q8DVD5|Q8DVD5_STRMU,Y61;Y236
tr|Q8DVE4|Q8DVE4_STRMU,
tr|Q8DVE6|Q8DVE6_STRMU,
tr|Q8DVE7|Q8DVE7_STRMU,Y88
tr|Q8DVE9|Q8DVE9_STRMU,Y38
tr|Q8DVF0|Q8DVF0_STRMU,Y10
tr|Q8DVF1|Q8DVF1_STRMU,
tr|Q8DVF9|Q8DVF9_STRMU,
tr|Q8DVF7|Q8DVF7_STRMU,
tr|Q8DVG1|Q8DVG1_STRMU,
tr|Q8DVG0|Q8DVG0_STRMU,
tr|Q8DVG2|Q8DVG2_STRMU,
tr|Q8DVG4|Q8DVG4_STRMU,Y44;Y170
tr|Q8DVG3|Q8DVG3_STRMU,
tr|Q8DVG5|Q8DVG5_STRMU,S332
tr|Q8DVG7|Q8DVG7_STRMU,T46
tr|Q8DVG9|Q8DVG9_STRMU,
tr|Q8DVG6|Q8DVG6_STRMU,
tr|Q8DVH1|Q8DVH1_STRMU,Y116
tr|Q8DVH3|Q8DVH3_STRMU,
tr|Q8DVH5|Q8DVH5_STRMU,T31
tr|Q8DVH6|Q8DVH6_STRMU,
tr|Q8DVH4|Q8DVH4_STRMU,
tr|Q8DVH7|Q8DVH7_STRMU,
tr|Q8DVH8|Q8DVH8_STRMU,S207;T209
tr|Q8DVH9|Q8DVH9_STRMU,T286;Y32;Y66;Y281
tr|Q8DVI0|Q8DVI0_STRMU,
tr|Q8DVI1|Q8DVI1_STRMU,S67
tr|Q8DVI5|Q8DVI5_STRMU,S34
tr|Q8DVI7|Q8DVI7_STRMU,S80
tr|Q8DVI9|Q8DVI9_STRMU,
tr|Q8DVI6|Q8DVI6_STRMU,S93;T320;S323;T324;T462;T463;S469;S472;S476
tr|Q8DVJ1|Q8DVJ1_STRMU,S66;S67
tr|Q8DVJ4|Q8DVJ4_STRMU,S91
tr|Q8DVJ5|Q8DVJ5_STRMU,S23
tr|Q8DVJ8|Q8DVJ8_STRMU,
tr|Q8DVJ6|Q8DVJ6_STRMU,S190
tr|Q8DVK0|Q8DVK0_STRMU,
tr|Q8DVL0|Q8DVL0_STRMU,
tr|Q8DVL8|Q8DVL8_STRMU,
sp|Q8DVL2|Y470_STRMU,
tr|Q8DVL9|Q8DVL9_STRMU,
tr|Q8DVM0|Q8DVM0_STRMU,
tr|Q8DVM8|Q8DVM8_STRMU,
tr|Q8DVM3|Q8DVM3_STRMU,
sp|Q8DVN2|Y447_STRMU,
tr|Q8DVN3|Q8DVN3_STRMU,
tr|Q8DVN1|Q8DVN1_STRMU,S49;S51;T54;T56;T121
tr|Q8DVM1|Q8DVM1_STRMU,
sp|Q8DVN4|Y442_STRMU,
tr|Q8DVN5|Q8DVN5_STRMU,
tr|Q8DVN6|Q8DVN6_STRMU,S101;S103;T105;S107;T109
tr|Q8DVN7|Q8DVN7_STRMU,S115
tr|Q8DVP0|Q8DVP0_STRMU,
tr|Q8DVP1|Q8DVP1_STRMU,
tr|Q8DVP2|Q8DVP2_STRMU,Y281
tr|Q8DVP3|Q8DVP3_STRMU,
tr|Q8DVN8|Q8DVN8_STRMU,S433;S434;S1036;Y151;Y155;Y379;Y653
tr|Q8DVP7|Q8DVP7_STRMU,
tr|Q8DVP4|Q8DVP4_STRMU,
tr|Q8DVP5|Q8DVP5_STRMU,
tr|Q8DVQ1|Q8DVQ1_STRMU,
tr|Q8DVQ0|Q8DVQ0_STRMU,S4;S8
tr|Q8DVQ5|Q8DVQ5_STRMU,Y230;Y251
tr|Q8DVQ6|Q8DVQ6_STRMU,
tr|Q8DVQ8|Q8DVQ8_STRMU,T39
tr|Q8DVQ7|Q8DVQ7_STRMU,S215
tr|Q8DVQ9|Q8DVQ9_STRMU,
tr|Q8DVR3|Q8DVR3_STRMU,
tr|Q8DVR6|Q8DVR6_STRMU,
tr|Q8DVR2|Q8DVR2_STRMU,
tr|Q8DVR5|Q8DVR5_STRMU,
tr|Q8DVR4|Q8DVR4_STRMU,Y24
tr|Q8DVR8|Q8DVR8_STRMU,
tr|Q8DVS0|Q8DVS0_STRMU,Y228
tr|Q8DVS4|Q8DVS4_STRMU,
tr|Q8DVR9|Q8DVR9_STRMU,
tr|Q8DVS1|Q8DVS1_STRMU,T229
tr|Q8DVS5|Q8DVS5_STRMU,
tr|Q8DVS6|Q8DVS6_STRMU,
tr|Q8DVS7|Q8DVS7_STRMU,
tr|Q8DVS8|Q8DVS8_STRMU,
tr|Q8DVS9|Q8DVS9_STRMU,
tr|Q8DVT2|Q8DVT2_STRMU,T192;Y224
tr|Q8DVT3|Q8DVT3_STRMU,T84
tr|Q8DVT5|Q8DVT5_STRMU,S201;S207;T269;T271;S277;S280;Y23
tr|Q8DVT6|Q8DVT6_STRMU,T21;S23
tr|Q8DVT7|Q8DVT7_STRMU,
tr|Q8DVT4|Q8DVT4_STRMU,Y313
tr|Q8DVT8|Q8DVT8_STRMU,
tr|Q8DVU0|Q8DVU0_STRMU,
tr|Q8DVT9|Q8DVT9_STRMU,S107;S411;Y30;Y84;Y121;Y160
tr|Q8DVU1|Q8DVU1_STRMU,Y157
tr|Q8DVU2|Q8DVU2_STRMU,T106;Y213
tr|Q8DVU4|Q8DVU4_STRMU,
tr|Q8DVU3|Q8DVU3_STRMU,S278;Y291
tr|Q8DVV0|Q8DVV0_STRMU,S51
tr|Q8DVU5|Q8DVU5_STRMU,S74
tr|Q8DVV1|Q8DVV1_STRMU,
tr|Q8DVV6|Q8DVV6_STRMU,S270
tr|Q8DVV7|Q8DVV7_STRMU,
tr|Q8DVW3|Q8DVW3_STRMU,
tr|Q8DVW2|Q8DVW2_STRMU,
tr|Q8DVV8|Q8DVV8_STRMU,S107;S378;S421
tr|Q8DVW4|Q8DVW4_STRMU,
tr|Q8DVW5|Q8DVW5_STRMU,T49;S56
tr|Q8DVW6|Q8DVW6_STRMU,
tr|Q8DVW7|Q8DVW7_STRMU,
tr|Q8DVW9|Q8DVW9_STRMU,Y198
tr|Q8DVX1|Q8DVX1_STRMU,Y42
tr|Q8DVX7|Q8DVX7_STRMU,
tr|Q8DVX8|Q8DVX8_STRMU,
tr|Q8DVX6|Q8DVX6_STRMU,T200;T405;T410;Y302;Y304;Y389;Y402;Y406;Y408
tr|Q8DVY0|Q8DVY0_STRMU,S42;S54
tr|Q8DVY1|Q8DVY1_STRMU,
tr|Q8DVY8|Q8DVY8_STRMU,
tr|Q8DVY4|Q8DVY4_STRMU,
tr|Q8DVZ0|Q8DVZ0_STRMU,T4;T5;T248
tr|Q8DVZ1|Q8DVZ1_STRMU,Y247
tr|Q8DVZ2|Q8DVZ2_STRMU,
tr|Q8DVZ4|Q8DVZ4_STRMU,
tr|Q8DVZ6|Q8DVZ6_STRMU,Y126;Y307
tr|Q8DVZ7|Q8DVZ7_STRMU,
tr|Q8DVZ8|Q8DVZ8_STRMU,
tr|Q8DVZ9|Q8DVZ9_STRMU,
tr|Q8DW00|Q8DW00_STRMU,S121;S126
tr|Q8DW02|Q8DW02_STRMU,
tr|Q8DW06|Q8DW06_STRMU,
tr|Q8DW03|Q8DW03_STRMU,S255;S258;Y526
tr|Q8DW07|Q8DW07_STRMU,
tr|Q8DW08|Q8DW08_STRMU,
tr|Q8DW11|Q8DW11_STRMU,
tr|Q8DW09|Q8DW09_STRMU,
tr|Q8DW10|Q8DW10_STRMU,
tr|Q8DW13|Q8DW13_STRMU,
tr|Q8DW12|Q8DW12_STRMU,
tr|Q8DW18|Q8DW18_STRMU,
tr|Q8DW21|Q8DW21_STRMU,
tr|Q8DW20|Q8DW20_STRMU,
tr|Q8DW22|Q8DW22_STRMU,T328
tr|Q8DW23|Q8DW23_STRMU,
tr|Q8DW29|Q8DW29_STRMU,
tr|Q8DW24|Q8DW24_STRMU,
tr|Q8DW27|Q8DW27_STRMU,Y146
tr|Q8DW28|Q8DW28_STRMU,Y464
tr|Q8DW31|Q8DW31_STRMU,T52;S331;Y372;Y373
tr|Q8DW32|Q8DW32_STRMU,
tr|Q8DW36|Q8DW36_STRMU,
tr|Q8DW34|Q8DW34_STRMU,S106;T110;S223;S224;S226
tr|Q8DW37|Q8DW37_STRMU,
tr|Q8DW38|Q8DW38_STRMU,
tr|Q8DW40|Q8DW40_STRMU,
tr|Q8DW39|Q8DW39_STRMU,Y101;Y201;Y203
tr|Q8DW41|Q8DW41_STRMU,S175
tr|Q8DW47|Q8DW47_STRMU,
tr|Q8DW46|Q8DW46_STRMU,
tr|Q8DW48|Q8DW48_STRMU,
tr|Q8DW50|Q8DW50_STRMU,
tr|Q8DW49|Q8DW49_STRMU,
tr|Q8DW51|Q8DW51_STRMU,Y5
tr|Q8DW52|Q8DW52_STRMU,Y3;Y21
tr|Q8DW53|Q8DW53_STRMU,
tr|Q8DW54|Q8DW54_STRMU,
tr|Q8DW55|Q8DW55_STRMU,
tr|Q8DW56|Q8DW56_STRMU,
tr|Q8DW57|Q8DW57_STRMU,S43
tr|Q8DW58|Q8DW58_STRMU,S130;S134;Y173
tr|Q8DW60|Q8DW60_STRMU,
tr|Q8DW59|Q8DW59_STRMU,Y6;Y65;Y66
tr|Q8DW61|Q8DW61_STRMU,
tr|Q8DW62|Q8DW62_STRMU,
tr|Q8DW63|Q8DW63_STRMU,
tr|Q8DW65|Q8DW65_STRMU,
tr|Q8DW64|Q8DW64_STRMU,
tr|Q8DW66|Q8DW66_STRMU,
tr|Q8DW67|Q8DW67_STRMU,Y7;Y14;Y50;Y109;Y522
tr|Q8DW68|Q8DW68_STRMU,Y276
tr|Q8DW69|Q8DW69_STRMU,
tr|Q8DW70|Q8DW70_STRMU,Y66
tr|Q8DW71|Q8DW71_STRMU,
tr|Q8DW72|Q8DW72_STRMU,
tr|Q8DW74|Q8DW74_STRMU,
tr|Q8DW73|Q8DW73_STRMU,S251;Y175;Y182;Y183
tr|Q8DW75|Q8DW75_STRMU,Y116
tr|Q8DW76|Q8DW76_STRMU,S477;S546;S552;Y122;Y522
tr|Q8DW79|Q8DW79_STRMU,
tr|Q8DW80|Q8DW80_STRMU,
tr|Q8DW78|Q8DW78_STRMU,
tr|Q8DW77|Q8DW77_STRMU,T53;Y51;Y87;Y632;Y637;Y723
tr|Q8DW82|Q8DW82_STRMU,
tr|Q8DW84|Q8DW84_STRMU,
tr|Q8DW81|Q8DW81_STRMU,
tr|Q8DW85|Q8DW85_STRMU,
tr|Q8DW86|Q8DW86_STRMU,
tr|Q8DW87|Q8DW87_STRMU,
tr|Q8DW89|Q8DW89_STRMU,
tr|Q8DW90|Q8DW90_STRMU,
tr|Q8DW91|Q8DW91_STRMU,
tr|Q8DW92|Q8DW92_STRMU,
tr|Q8DW93|Q8DW93_STRMU,
tr|Q8DW94|Q8DW94_STRMU,T27
tr|Q8DW95|Q8DW95_STRMU,
tr|Q8DW96|Q8DW96_STRMU,
tr|Q8DW99|Q8DW99_STRMU,
tr|Q8DWA0|Q8DWA0_STRMU,Y140
tr|Q8DWA1|Q8DWA1_STRMU,
tr|Q8DWA2|Q8DWA2_STRMU,
tr|Q8DWA4|Q8DWA4_STRMU,
tr|Q8DWA3|Q8DWA3_STRMU,S57;T59;T63;S65;T68;T141
tr|Q8DWA5|Q8DWA5_STRMU,T149;T151;Y199
tr|Q8DWB4|Q8DWB4_STRMU,
tr|Q8DWA6|Q8DWA6_STRMU,T155;T159;Y24;Y39;Y142
tr|Q8DWA7|Q8DWA7_STRMU,Y130
tr|Q8DWB1|Q8DWB1_STRMU,S112
tr|Q8DWB5|Q8DWB5_STRMU,
tr|Q8DWB6|Q8DWB6_STRMU,
tr|Q8DWB7|Q8DWB7_STRMU,
tr|Q8DWB8|Q8DWB8_STRMU,Y19
tr|Q8DWC0|Q8DWC0_STRMU,
tr|Q8DWC1|Q8DWC1_STRMU,
tr|Q8DWC3|Q8DWC3_STRMU,S152
tr|Q8DWC4|Q8DWC4_STRMU,T32
tr|Q8DWC6|Q8DWC6_STRMU,
tr|Q8DWC8|Q8DWC8_STRMU,S28
tr|Q8DWC9|Q8DWC9_STRMU,S87;Y8;Y91
tr|Q8DWD0|Q8DWD0_STRMU,
tr|Q8DWD1|Q8DWD1_STRMU,S201
tr|Q8DWD2|Q8DWD2_STRMU,S213
tr|Q8DWD7|Q8DWD7_STRMU,Y234
tr|Q8DWD8|Q8DWD8_STRMU,
tr|Q8DWD9|Q8DWD9_STRMU,S101
tr|Q8DWE4|Q8DWE4_STRMU,S439;T449;S451
tr|Q8DWE6|Q8DWE6_STRMU,T149;S150
tr|Q8DWE7|Q8DWE7_STRMU,Y323
tr|Q8DWE9|Q8DWE9_STRMU,Y225
tr|Q8DWF0|Q8DWF0_STRMU,
tr|Q8DWF1|Q8DWF1_STRMU,S40
tr|Q8DWF2|Q8DWF2_STRMU,
tr|Q8DWF3|Q8DWF3_STRMU,
tr|Q8DWF4|Q8DWF4_STRMU,Y188;Y284
tr|Q8DWF6|Q8DWF6_STRMU,
tr|Q8DWF7|Q8DWF7_STRMU,Y204
tr|Q8DWF8|Q8DWF8_STRMU,S256;Y263
tr|Q8DWF5|Q8DWF5_STRMU,S718;S720;Y513
tr|Q8DWF9|Q8DWF9_STRMU,S58
tr|Q8DWG3|Q8DWG3_STRMU,
tr|Q8DWG5|Q8DWG5_STRMU,
tr|Q8DWG4|Q8DWG4_STRMU,
tr|Q8DWG6|Q8DWG6_STRMU,
sp|Q8DWG8|Y087_STRMU,
tr|Q8DWG7|Q8DWG7_STRMU,Y195
tr|Q8DWG9|Q8DWG9_STRMU,
tr|Q8DWH4|Q8DWH4_STRMU,S107;Y150
tr|Q8DWH3|Q8DWH3_STRMU,
tr|Q8DWH5|Q8DWH5_STRMU,
tr|Q8DWH6|Q8DWH6_STRMU,Y205
sp|Q8DWH7|Y073_STRMU,S76;T78;S442
tr|Q8DWI0|Q8DWI0_STRMU,
tr|Q8DWI2|Q8DWI2_STRMU,Y40
tr|Q8DWI1|Q8DWI1_STRMU,T414;T416;S566;S567
tr|Q8DWI6|Q8DWI6_STRMU,S40;T46
tr|Q8DWI7|Q8DWI7_STRMU,S46;T47
tr|Q8DWI5|Q8DWI5_STRMU,S129;T132;T133;S134;Y474
tr|Q8DWI9|Q8DWI9_STRMU,Y35
tr|Q8DWI8|Q8DWI8_STRMU,S366;Y158
tr|Q8DWJ0|Q8DWJ0_STRMU,
tr|Q8DWJ1|Q8DWJ1_STRMU,Y177;Y213
tr|Q8DWJ2|Q8DWJ2_STRMU,Y66
tr|Q8DWJ3|Q8DWJ3_STRMU,
tr|Q8DWJ8|Q8DWJ8_STRMU,S104;S198;T201
tr|Q8DWJ6|Q8DWJ6_STRMU,S38;S339;S341
tr|Q8DWJ9|Q8DWJ9_STRMU,
tr|Q8DWK4|Q8DWK4_STRMU,
tr|Q8DWK0|Q8DWK0_STRMU,
tr|Q8DWK1|Q8DWK1_STRMU,T67;S68
tr|Q8DWK5|Q8DWK5_STRMU,
tr|Q8DWK3|Q8DWK3_STRMU,Y287
tr|Q8DWK6|Q8DWK6_STRMU,
tr|Q8DWK7|Q8DWK7_STRMU,S27
tr|Q8DWL2|Q8DWL2_STRMU,
tr|Q8DWK9|Q8DWK9_STRMU,S28;S99;T100;S102;Y49;Y151;Y153
tr|Q8DWL4|Q8DWL4_STRMU,Y30
tr|Q8DWM5|Q8DWM5_STRMU,
tr|Q8DWL7|Q8DWL7_STRMU,
tr|Q8DWN1|Q8DWN1_STRMU,
tr|Q8DWM6|Q8DWM6_STRMU,T412
tr|Q8DWN2|Q8DWN2_STRMU,Y96
tr|Q8DWL5|Q8DWL5_STRMU,T368;S785;Y356;Y675;Y745
tr|Q8DWN3|Q8DWN3_STRMU,
tr|Q8DWN7|Q8DWN7_STRMU,
sp|Q93D98|Y1935_STRMU,